id,ticker,spike_iso,last,from_open_pct,from_prev_close_pct,ten_min_pct,vol_mult,direction
SPIKE-CRWV-1755200372,CRWV,2025-08-14T19:39:32.390401+00:00,100.4200,-12.875,-14.725,-0.550,1.175,DOWN
SPIKE-CRWV-1755266065,CRWV,2025-08-15T13:54:25.503673+00:00,100.9150,5.246,1.417,3.017,0.732,UP
SPIKE-SRFM-1755268979,SRFM,2025-08-15T14:42:59.343335+00:00,4.5204,-5.825,-4.834,-0.977,0.367,DOWN
SPIKE-SRFM-1755272412,SRFM,2025-08-15T15:40:12.508471+00:00,4.4900,-6.458,-5.474,-0.111,1.146,DOWN
SPIKE-CRWV-1755276636,CRWV,2025-08-15T16:50:36.255311+00:00,101.7543,6.121,2.260,1.329,0.603,UP
SPIKE-SRFM-1755276636,SRFM,2025-08-15T16:50:36.255311+00:00,4.4700,-6.875,-5.895,0.935,0.501,DOWN
SPIKE-SRFM-1755279578,SRFM,2025-08-15T17:39:38.843322+00:00,4.5050,-6.146,-5.158,0.111,0.425,DOWN
SPIKE-CRWV-1754587980,CRWV,2025-08-07T17:33:00+00:00,176.89,6.058,4.345,3.636,2.207,UP
SPIKE-UAL-1755187440,UAL,2025-08-14T16:04:00+00:00,299.68,4.011,3.323,3.824,2.704,UP
SPIKE-AAL-1754414220,AAL,2025-08-05T17:17:00+00:00,146.48,7.543,4.608,2.105,2.959,UP
SPIKE-UAL-1755198480,UAL,2025-08-14T19:08:00+00:00,145.61,3.371,2.116,2.251,2.156,UP
SPIKE-DAL-1755094860,DAL,2025-08-13T14:21:00+00:00,14.24,5.454,3.223,3.680,3.084,UP
SPIKE-UAL-1754332080,UAL,2025-08-04T18:28:00+00:00,168.75,6.061,3.878,2.915,1.963,UP
SPIKE-BA-1754671380,BA,2025-08-08T16:43:00+00:00,33.97,6.562,4.346,2.845,2.719,UP
SPIKE-SRFM-1754679660,SRFM,2025-08-08T19:01:00+00:00,266.48,-7.868,-5.373,-2.320,1.500,DOWN
SPIKE-DAL-1755201120,DAL,2025-08-14T19:52:00+00:00,213.22,7.725,6.013,2.995,2.831,UP
SPIKE-AAL-1755112980,AAL,2025-08-13T19:23:00+00:00,139.96,4.069,2.278,2.019,2.825,UP
SPIKE-UAL-1754061300,UAL,2025-08-01T15:15:00+00:00,154.43,8.791,5.609,2.108,1.798,UP
SPIKE-BA-1754420460,BA,2025-08-05T19:01:00+00:00,159.73,4.398,2.679,2.091,2.484,UP
SPIKE-UAL-1755181560,UAL,2025-08-14T14:26:00+00:00,234.58,5.839,3.784,2.657,3.040,UP
SPIKE-CRWV-1755196320,CRWV,2025-08-14T18:32:00+00:00,92.66,6.865,4.433,3.092,3.162,UP
SPIKE-AMD-1754507820,AMD,2025-08-06T19:17:00+00:00,344.63,8.338,6.099,2.148,2.775,UP
SPIKE-CRWV-1754934060,CRWV,2025-08-11T17:41:00+00:00,345.54,4.770,3.069,3.182,1.873,UP
SPIKE-SRFM-1754495340,SRFM,2025-08-06T15:49:00+00:00,311.40,5.719,4.370,2.393,1.852,UP
SPIKE-SRFM-1755185640,SRFM,2025-08-14T15:34:00+00:00,275.77,6.622,4.592,1.663,1.733,UP
SPIKE-SRFM-1754577180,SRFM,2025-08-07T14:33:00+00:00,272.23,6.668,4.872,3.470,2.720,UP
SPIKE-NVDA-1754679360,NVDA,2025-08-08T18:56:00+00:00,221.84,2.475,1.756,3.284,1.649,UP
SPIKE-UAL-1754495100,UAL,2025-08-06T15:45:00+00:00,179.19,5.657,3.415,3.319,2.353,UP
SPIKE-AMD-1754944680,AMD,2025-08-11T20:38:00+00:00,296.29,7.434,5.164,3.512,2.717,UP
SPIKE-UAL-1755202860,UAL,2025-08-14T20:21:00+00:00,311.69,4.091,2.811,2.167,2.342,UP
SPIKE-CRWD-1754922900,CRWD,2025-08-11T14:35:00+00:00,281.55,4.359,3.556,3.113,1.500,UP
SPIKE-UAL-1755203880,UAL,2025-08-14T20:38:00+00:00,86.09,4.805,3.264,3.203,2.662,UP
SPIKE-CRWD-1754682960,CRWD,2025-08-08T19:56:00+00:00,193.89,7.398,4.452,2.036,2.864,UP
SPIKE-CRWD-1754067420,CRWD,2025-08-01T16:57:00+00:00,9.18,8.786,7.443,2.826,1.718,UP
SPIKE-SRFM-1755024240,SRFM,2025-08-12T18:44:00+00:00,89.36,-2.166,-1.455,-2.812,2.089,DOWN
SPIKE-UAL-1754490720,UAL,2025-08-06T14:32:00+00:00,156.37,2.385,1.894,3.755,1.690,UP
SPIKE-AAL-1754069160,AAL,2025-08-01T17:26:00+00:00,135.95,4.622,3.065,1.611,2.389,UP
SPIKE-AAL-1754935140,AAL,2025-08-11T17:59:00+00:00,55.31,7.927,4.690,2.361,2.627,UP
SPIKE-CRWV-1754071920,CRWV,2025-08-01T18:12:00+00:00,144.77,6.283,4.537,3.357,2.857,UP
SPIKE-AMD-1755114180,AMD,2025-08-13T19:43:00+00:00,276.27,2.462,1.451,2.516,2.057,UP
SPIKE-SRFM-1754505060,SRFM,2025-08-06T18:31:00+00:00,26.96,-5.495,-3.509,-2.582,2.340,DOWN
SPIKE-BA-1755189120,BA,2025-08-14T16:32:00+00:00,348.49,8.132,4.484,3.940,2.109,UP
SPIKE-NVDA-1754510940,NVDA,2025-08-06T20:09:00+00:00,83.65,8.542,5.585,1.875,2.923,UP
SPIKE-UAL-1755110880,UAL,2025-08-13T18:48:00+00:00,171.83,7.991,4.722,3.115,2.889,UP
SPIKE-BA-1754680380,BA,2025-08-08T19:13:00+00:00,107.55,8.493,6.759,3.357,1.850,UP
SPIKE-AMD-1755095220,AMD,2025-08-13T14:27:00+00:00,279.63,3.931,3.018,1.737,3.012,UP
SPIKE-UAL-1754403780,UAL,2025-08-05T14:23:00+00:00,333.48,7.169,5.036,3.414,2.192,UP
SPIKE-DAL-1754938620,DAL,2025-08-11T18:57:00+00:00,280.90,7.093,5.013,3.925,2.978,UP
SPIKE-NVDA-1754944740,NVDA,2025-08-11T20:39:00+00:00,307.69,-2.219,-1.703,-2.667,2.929,DOWN
SPIKE-UAL-1754676840,UAL,2025-08-08T18:14:00+00:00,295.28,2.450,1.663,3.247,2.915,UP
SPIKE-CRWV-1754492880,CRWV,2025-08-06T15:08:00+00:00,344.79,8.099,4.921,2.544,1.796,UP
SPIKE-UAL-1754922000,UAL,2025-08-11T14:20:00+00:00,242.51,-8.970,-5.884,-3.002,1.583,DOWN
SPIKE-AMD-1755184680,AMD,2025-08-14T15:18:00+00:00,227.60,7.111,5.049,1.836,2.923,UP
SPIKE-SRFM-1755032160,SRFM,2025-08-12T20:56:00+00:00,8.19,4.279,3.115,3.963,2.344,UP
SPIKE-NVDA-1754667960,NVDA,2025-08-08T15:46:00+00:00,111.63,5.463,3.955,3.118,2.034,UP
SPIKE-NVDA-1754415900,NVDA,2025-08-05T17:45:00+00:00,179.05,-4.881,-2.908,-3.363,2.293,DOWN
SPIKE-AMD-1755199080,AMD,2025-08-14T19:18:00+00:00,333.63,8.810,5.402,3.360,1.907,UP
SPIKE-BA-1755010620,BA,2025-08-12T14:57:00+00:00,102.81,7.747,6.199,3.554,3.040,UP
SPIKE-SRFM-1754503200,SRFM,2025-08-06T18:00:00+00:00,81.17,-2.131,-1.467,-1.859,1.671,DOWN
SPIKE-UAL-1755094620,UAL,2025-08-13T14:17:00+00:00,209.45,7.133,4.949,3.749,1.608,UP
SPIKE-DAL-1754681160,DAL,2025-08-08T19:26:00+00:00,192.52,3.138,2.118,3.604,1.667,UP
SPIKE-AAL-1755109200,AAL,2025-08-13T18:20:00+00:00,259.65,3.682,2.405,3.885,2.126,UP
SPIKE-DAL-1755011160,DAL,2025-08-12T15:06:00+00:00,346.05,4.710,3.984,3.905,2.378,UP
SPIKE-NVDA-1754511240,NVDA,2025-08-06T20:14:00+00:00,117.44,8.831,4.957,1.803,2.804,UP
SPIKE-NVDA-1754332740,NVDA,2025-08-04T18:39:00+00:00,175.65,-8.512,-6.103,-3.892,1.502,DOWN
SPIKE-AAL-1755016560,AAL,2025-08-12T16:36:00+00:00,221.75,5.397,3.412,2.276,2.234,UP
SPIKE-BA-1755013920,BA,2025-08-12T15:52:00+00:00,170.64,5.164,3.524,2.600,2.008,UP
SPIKE-SRFM-1754328780,SRFM,2025-08-04T17:33:00+00:00,244.27,-6.618,-4.698,-2.902,1.799,DOWN
SPIKE-SRFM-1754057100,SRFM,2025-08-01T14:05:00+00:00,36.65,-5.163,-3.860,-2.982,2.355,DOWN
SPIKE-CRWD-1754409120,CRWD,2025-08-05T15:52:00+00:00,110.94,-4.057,-3.294,-1.991,1.914,DOWN
SPIKE-BA-1754922120,BA,2025-08-11T14:22:00+00:00,66.54,5.751,4.754,3.236,2.836,UP
SPIKE-NVDA-1755186960,NVDA,2025-08-14T15:56:00+00:00,159.62,3.314,2.003,1.861,1.877,UP
SPIKE-CRWD-1754580600,CRWD,2025-08-07T15:30:00+00:00,338.24,-7.156,-4.880,-3.940,2.839,DOWN
SPIKE-NVDA-1754318400,NVDA,2025-08-04T14:40:00+00:00,326.31,6.969,5.245,2.235,1.842,UP
SPIKE-UAL-1755014580,UAL,2025-08-12T16:03:00+00:00,174.39,2.321,1.788,2.508,1.658,UP
SPIKE-NVDA-1755096540,NVDA,2025-08-13T14:49:00+00:00,41.73,-2.811,-1.823,-3.104,3.129,DOWN
SPIKE-AMD-1755028860,AMD,2025-08-12T20:01:00+00:00,321.84,4.275,2.862,3.539,2.437,UP
SPIKE-CRWD-1755026040,CRWD,2025-08-12T19:14:00+00:00,81.01,-5.814,-3.562,-3.416,1.671,DOWN
SPIKE-DAL-1754667480,DAL,2025-08-08T15:38:00+00:00,145.63,5.858,3.885,2.645,2.336,UP
SPIKE-DAL-1754508720,DAL,2025-08-06T19:32:00+00:00,337.81,-5.126,-4.029,-2.665,2.454,DOWN
SPIKE-CRWD-1755018960,CRWD,2025-08-12T17:16:00+00:00,212.72,-4.835,-3.841,-3.673,1.777,DOWN
SPIKE-NVDA-1754509620,NVDA,2025-08-06T19:47:00+00:00,233.72,8.011,5.794,2.639,2.741,UP
SPIKE-CRWD-1754682120,CRWD,2025-08-08T19:42:00+00:00,209.07,3.792,2.562,2.478,2.465,UP
SPIKE-SRFM-1755111240,SRFM,2025-08-13T18:54:00+00:00,65.00,4.199,3.088,3.627,2.692,UP
SPIKE-AMD-1755111780,AMD,2025-08-13T19:03:00+00:00,264.58,-8.981,-7.391,-2.084,2.133,DOWN
SPIKE-UAL-1754941380,UAL,2025-08-11T19:43:00+00:00,342.13,4.461,3.080,3.737,2.190,UP
SPIKE-UAL-1754496300,UAL,2025-08-06T16:05:00+00:00,310.12,3.935,2.876,3.940,2.105,UP
SPIKE-CRWV-1754071200,CRWV,2025-08-01T18:00:00+00:00,198.05,2.831,2.095,2.334,2.140,UP
SPIKE-CRWD-1754940660,CRWD,2025-08-11T19:31:00+00:00,54.48,2.123,1.293,3.561,2.964,UP
SPIKE-CRWD-1754417220,CRWD,2025-08-05T18:07:00+00:00,53.25,2.087,1.544,3.178,1.811,UP
SPIKE-DAL-1754577840,DAL,2025-08-07T14:44:00+00:00,253.23,-8.049,-6.434,-2.999,2.260,DOWN
SPIKE-AMD-1754066940,AMD,2025-08-01T16:49:00+00:00,169.00,8.010,4.685,1.955,1.739,UP
SPIKE-BA-1754492940,BA,2025-08-06T15:09:00+00:00,103.34,6.158,3.881,3.129,3.162,UP
SPIKE-AMD-1754415180,AMD,2025-08-05T17:33:00+00:00,254.00,-4.117,-3.097,-2.113,3.062,DOWN
SPIKE-SRFM-1755008940,SRFM,2025-08-12T14:29:00+00:00,239.77,3.912,2.866,2.910,2.725,UP
SPIKE-AAL-1754930580,AAL,2025-08-11T16:43:00+00:00,310.39,-8.374,-4.970,-1.614,1.810,DOWN
SPIKE-UAL-1754936640,UAL,2025-08-11T18:24:00+00:00,85.45,2.640,1.519,1.926,2.810,UP
SPIKE-AAL-1754927580,AAL,2025-08-11T15:53:00+00:00,121.08,8.366,5.279,2.674,2.424,UP
SPIKE-BA-1754424420,BA,2025-08-05T20:07:00+00:00,221.30,-5.987,-4.473,-2.841,2.254,DOWN
SPIKE-CRWV-1754592480,CRWV,2025-08-07T18:48:00+00:00,159.64,2.551,1.629,3.987,1.588,UP
SPIKE-BA-1754674920,BA,2025-08-08T17:42:00+00:00,15.04,2.333,1.487,1.616,2.042,UP
SPIKE-AAL-1754402760,AAL,2025-08-05T14:06:00+00:00,265.99,2.012,1.353,2.443,2.338,UP
SPIKE-AAL-1754662860,AAL,2025-08-08T14:21:00+00:00,199.33,3.463,2.812,3.427,2.249,UP
SPIKE-CRWD-1754507940,CRWD,2025-08-06T19:19:00+00:00,222.20,5.827,4.755,2.592,2.565,UP
SPIKE-BA-1754578440,BA,2025-08-07T14:54:00+00:00,321.73,5.975,4.926,2.176,2.503,UP
SPIKE-AMD-1754940060,AMD,2025-08-11T19:21:00+00:00,163.48,2.034,1.656,2.470,2.752,UP
SPIKE-UAL-1755011820,UAL,2025-08-12T15:17:00+00:00,239.67,8.150,5.357,2.409,2.189,UP
SPIKE-DAL-1755201720,DAL,2025-08-14T20:02:00+00:00,33.12,2.876,2.337,2.155,2.862,UP
SPIKE-AAL-1754068800,AAL,2025-08-01T17:20:00+00:00,42.93,6.943,4.400,2.113,1.918,UP
SPIKE-AAL-1754076120,AAL,2025-08-01T19:22:00+00:00,155.25,2.225,1.343,3.511,1.572,UP
SPIKE-BA-1754420040,BA,2025-08-05T18:54:00+00:00,52.76,6.850,4.578,2.812,2.938,UP
SPIKE-AAL-1754417760,AAL,2025-08-05T18:16:00+00:00,299.14,3.206,1.818,1.781,2.966,UP
SPIKE-BA-1754338440,BA,2025-08-04T20:14:00+00:00,23.78,5.204,3.316,2.760,2.285,UP
SPIKE-DAL-1755191400,DAL,2025-08-14T17:10:00+00:00,185.25,4.522,2.971,2.494,1.643,UP
SPIKE-UAL-1754588280,UAL,2025-08-07T17:38:00+00:00,100.63,4.249,3.382,1.884,2.776,UP
SPIKE-AAL-1754593140,AAL,2025-08-07T18:59:00+00:00,85.55,4.655,3.038,2.978,3.036,UP
SPIKE-UAL-1754068620,UAL,2025-08-01T17:17:00+00:00,52.23,-8.949,-4.985,-1.740,1.965,DOWN
SPIKE-AMD-1754060280,AMD,2025-08-01T14:58:00+00:00,70.13,2.803,2.137,1.956,2.832,UP
SPIKE-AMD-1754664060,AMD,2025-08-08T14:41:00+00:00,92.87,2.519,1.749,3.211,2.462,UP
SPIKE-CRWV-1754409540,CRWV,2025-08-05T15:59:00+00:00,146.06,6.849,4.993,2.500,2.589,UP
SPIKE-AAL-1754411520,AAL,2025-08-05T16:32:00+00:00,349.77,-7.863,-5.661,-2.260,1.934,DOWN
SPIKE-BA-1755017460,BA,2025-08-12T16:51:00+00:00,64.76,6.182,3.672,2.227,2.741,UP
SPIKE-SRFM-1754424360,SRFM,2025-08-05T20:06:00+00:00,182.58,8.575,7.282,3.012,2.516,UP
SPIKE-AAL-1754496480,AAL,2025-08-06T16:08:00+00:00,74.53,3.601,3.047,1.590,3.186,UP
SPIKE-AAL-1754590920,AAL,2025-08-07T18:22:00+00:00,132.08,8.354,6.369,2.771,2.618,UP
SPIKE-BA-1754501400,BA,2025-08-06T17:30:00+00:00,297.05,4.335,2.826,2.189,2.713,UP
SPIKE-SRFM-1754488740,SRFM,2025-08-06T13:59:00+00:00,175.02,2.771,1.998,3.198,1.891,UP
SPIKE-BA-1754512620,BA,2025-08-06T20:37:00+00:00,22.83,2.569,1.609,2.981,2.310,UP
SPIKE-DAL-1754925960,DAL,2025-08-11T15:26:00+00:00,63.44,5.375,3.933,2.676,3.122,UP
SPIKE-AAL-1754588100,AAL,2025-08-07T17:35:00+00:00,105.40,-2.166,-1.777,-2.362,2.718,DOWN
SPIKE-SRFM-1755109620,SRFM,2025-08-13T18:27:00+00:00,104.49,-8.817,-5.548,-1.681,2.067,DOWN
SPIKE-SRFM-1754411460,SRFM,2025-08-05T16:31:00+00:00,66.21,4.230,3.282,3.551,2.753,UP
SPIKE-BA-1754077440,BA,2025-08-01T19:44:00+00:00,200.20,-3.069,-1.889,-2.570,2.924,DOWN
SPIKE-AMD-1754079420,AMD,2025-08-01T20:17:00+00:00,155.52,-5.576,-3.670,-1.630,2.035,DOWN
SPIKE-CRWV-1755189060,CRWV,2025-08-14T16:31:00+00:00,260.80,3.935,3.277,3.625,2.385,UP
SPIKE-AAL-1754926980,AAL,2025-08-11T15:43:00+00:00,69.05,7.169,4.607,3.273,2.353,UP
SPIKE-BA-1755182940,BA,2025-08-14T14:49:00+00:00,231.46,3.994,3.356,2.102,1.674,UP
SPIKE-UAL-1754934600,UAL,2025-08-11T17:50:00+00:00,128.61,8.942,5.507,1.758,2.078,UP
SPIKE-DAL-1754065440,DAL,2025-08-01T16:24:00+00:00,342.97,7.562,6.404,2.031,2.914,UP
SPIKE-CRWV-1755030900,CRWV,2025-08-12T20:35:00+00:00,288.31,6.282,4.943,2.214,2.286,UP
SPIKE-SRFM-1755188700,SRFM,2025-08-14T16:25:00+00:00,331.99,-2.102,-1.727,-1.931,2.638,DOWN
SPIKE-AMD-1754078280,AMD,2025-08-01T19:58:00+00:00,117.86,3.386,2.081,2.655,1.972,UP
SPIKE-BA-1754661780,BA,2025-08-08T14:03:00+00:00,186.43,2.127,1.519,2.044,1.721,UP
SPIKE-BA-1754935260,BA,2025-08-11T18:01:00+00:00,132.12,-4.449,-2.880,-3.161,2.313,DOWN
SPIKE-UAL-1754596800,UAL,2025-08-07T20:00:00+00:00,5.99,4.443,3.276,2.760,2.549,UP
SPIKE-CRWV-1754681340,CRWV,2025-08-08T19:29:00+00:00,133.53,5.209,3.317,2.388,1.927,UP
SPIKE-SRFM-1755104220,SRFM,2025-08-13T16:57:00+00:00,241.97,4.002,2.414,1.689,2.497,UP
SPIKE-BA-1754320620,BA,2025-08-04T15:17:00+00:00,186.14,3.737,2.994,1.569,1.923,UP
SPIKE-BA-1754422560,BA,2025-08-05T19:36:00+00:00,239.44,6.990,5.892,1.784,2.363,UP
SPIKE-AAL-1755030240,AAL,2025-08-12T20:24:00+00:00,202.95,-4.281,-3.127,-3.069,2.610,DOWN
SPIKE-UAL-1754508660,UAL,2025-08-06T19:31:00+00:00,65.44,6.659,4.804,3.231,1.610,UP
SPIKE-AMD-1754338800,AMD,2025-08-04T20:20:00+00:00,101.01,-6.457,-4.681,-3.821,1.780,DOWN
SPIKE-AMD-1754665440,AMD,2025-08-08T15:04:00+00:00,21.17,2.862,2.141,1.658,1.809,UP
SPIKE-AAL-1754488260,AAL,2025-08-06T13:51:00+00:00,302.72,-3.695,-2.733,-2.059,2.738,DOWN
SPIKE-CRWV-1754671920,CRWV,2025-08-08T16:52:00+00:00,304.43,5.505,3.689,2.866,2.747,UP
SPIKE-AAL-1754410680,AAL,2025-08-05T16:18:00+00:00,168.61,4.333,3.224,2.352,2.454,UP
SPIKE-CRWV-1755026040,CRWV,2025-08-12T19:14:00+00:00,93.27,4.298,2.929,2.500,2.095,UP
SPIKE-SRFM-1755012420,SRFM,2025-08-12T15:27:00+00:00,231.97,0.462,0.323,-0.456,1.170,UP
SPIKE-SRFM-1754503440,SRFM,2025-08-06T18:04:00+00:00,36.51,-0.420,-0.294,-0.182,1.274,DOWN
SPIKE-CRWV-1754922120,CRWV,2025-08-11T14:22:00+00:00,101.70,0.749,0.524,-0.254,0.827,UP
SPIKE-UAL-1754066100,UAL,2025-08-01T16:35:00+00:00,45.95,0.651,0.456,0.410,0.977,UP
SPIKE-CRWV-1755016740,CRWV,2025-08-12T16:39:00+00:00,279.56,0.381,0.267,-0.320,1.092,UP
SPIKE-BA-1755196800,BA,2025-08-14T18:40:00+00:00,117.89,-0.735,-0.515,-0.009,0.952,DOWN
SPIKE-SRFM-1754498760,SRFM,2025-08-06T16:46:00+00:00,234.88,-0.607,-0.425,0.492,0.975,DOWN
SPIKE-CRWV-1754410560,CRWV,2025-08-05T16:16:00+00:00,254.93,0.673,0.471,-0.204,1.258,UP
SPIKE-AMD-1754667720,AMD,2025-08-08T15:42:00+00:00,142.36,-0.365,-0.256,-0.358,0.813,DOWN
SPIKE-SRFM-1755097560,SRFM,2025-08-13T15:06:00+00:00,270.07,0.641,0.449,0.048,1.158,UP
SPIKE-SRFM-1754582220,SRFM,2025-08-07T15:57:00+00:00,153.96,-0.360,-0.252,0.388,1.281,DOWN
SPIKE-BA-1754495100,BA,2025-08-06T15:45:00+00:00,73.23,-0.030,-0.021,-0.298,0.908,DOWN
SPIKE-DAL-1755192480,DAL,2025-08-14T17:28:00+00:00,44.49,0.739,0.517,-0.335,0.962,UP
SPIKE-AAL-1754578860,AAL,2025-08-07T15:01:00+00:00,61.49,-0.764,-0.535,-0.396,1.194,DOWN
SPIKE-CRWD-1755114660,CRWD,2025-08-13T19:51:00+00:00,262.30,-0.742,-0.519,0.299,0.886,DOWN
SPIKE-CRWV-1754072520,CRWV,2025-08-01T18:22:00+00:00,201.73,0.056,0.039,-0.277,0.802,UP
SPIKE-AAL-1753897320,AAL,2025-07-30T17:42:00+00:00,446.01,9.125,6.383,2.539,2.448,UP
SPIKE-SRFM-1754506320,SRFM,2025-08-06T18:52:00+00:00,277.97,4.294,2.581,3.406,1.903,UP
SPIKE-BA-1755023940,BA,2025-08-12T18:39:00+00:00,438.06,4.651,3.482,2.570,2.933,UP
SPIKE-AMC-1753886220,AMC,2025-07-30T14:37:00+00:00,447.09,2.262,1.561,3.084,1.945,UP
SPIKE-GOOGL-1755097380,GOOGL,2025-08-13T15:03:00+00:00,438.76,2.043,1.448,3.710,2.788,UP
SPIKE-TSM-1755008640,TSM,2025-08-12T14:24:00+00:00,124.97,9.370,7.163,2.251,2.393,UP
SPIKE-TSM-1753810680,TSM,2025-07-29T17:38:00+00:00,365.41,5.205,3.441,2.938,1.706,UP
SPIKE-HOOD-1754922420,HOOD,2025-08-11T14:27:00+00:00,7.52,3.454,1.928,1.926,1.757,UP
SPIKE-AMC-1754578320,AMC,2025-08-07T14:52:00+00:00,107.89,5.248,3.676,2.196,2.687,UP
SPIKE-PLTR-1753893360,PLTR,2025-07-30T16:36:00+00:00,157.67,6.599,4.633,1.898,2.699,UP
SPIKE-SMCI-1754322480,SMCI,2025-08-04T15:48:00+00:00,81.27,-9.991,-5.658,-3.565,2.932,DOWN
SPIKE-TSLA-1754325120,TSLA,2025-08-04T16:32:00+00:00,188.45,3.335,2.220,3.357,3.019,UP
SPIKE-AMD-1754507580,AMD,2025-08-06T19:13:00+00:00,229.82,2.352,1.822,1.592,1.954,UP
SPIKE-PLTR-1753821180,PLTR,2025-07-29T20:33:00+00:00,444.25,4.924,3.168,3.182,1.873,UP
SPIKE-AMC-1754406660,AMC,2025-08-05T15:11:00+00:00,277.67,5.244,4.106,3.285,3.010,UP
SPIKE-GME-1754680020,GME,2025-08-08T19:07:00+00:00,179.80,4.823,3.798,2.695,2.834,UP
SPIKE-HOOD-1754491140,HOOD,2025-08-06T14:39:00+00:00,70.47,5.989,4.438,3.355,2.699,UP
SPIKE-TSM-1753714800,TSM,2025-07-28T15:00:00+00:00,242.87,-2.521,-2.055,-3.231,2.306,DOWN
SPIKE-BA-1755116040,BA,2025-08-13T20:14:00+00:00,445.85,-3.397,-2.393,-3.244,1.709,DOWN
SPIKE-PLTR-1755025140,PLTR,2025-08-12T18:59:00+00:00,25.56,3.988,3.019,3.253,3.185,UP
SPIKE-AAL-1755188940,AAL,2025-08-14T16:29:00+00:00,141.20,9.159,5.253,3.348,2.694,UP
SPIKE-DAL-1753907760,DAL,2025-07-30T20:36:00+00:00,434.46,5.769,4.754,2.973,2.304,UP
SPIKE-AMD-1755009480,AMD,2025-08-12T14:38:00+00:00,291.52,-7.351,-5.740,-3.179,2.030,DOWN
SPIKE-AFRM-1755023100,AFRM,2025-08-12T18:25:00+00:00,402.85,-3.632,-2.702,-1.601,2.378,DOWN
SPIKE-RIVN-1754922540,RIVN,2025-08-11T14:29:00+00:00,34.47,-7.862,-6.257,-1.585,2.833,DOWN
SPIKE-RIVN-1754577240,RIVN,2025-08-07T14:34:00+00:00,73.51,4.688,3.513,2.119,3.022,UP
SPIKE-AFRM-1753981080,AFRM,2025-07-31T16:58:00+00:00,16.37,4.689,3.246,2.342,2.131,UP
SPIKE-NVDA-1753723020,NVDA,2025-07-28T17:17:00+00:00,208.17,4.032,2.821,3.997,2.100,UP
SPIKE-PLTR-1754413680,PLTR,2025-08-05T17:08:00+00:00,260.40,2.175,1.717,2.641,2.763,UP
SPIKE-PLTR-1754317440,PLTR,2025-08-04T14:24:00+00:00,367.47,2.467,1.950,1.672,1.575,UP
SPIKE-AAPL-1753983720,AAPL,2025-07-31T17:42:00+00:00,368.10,-7.791,-4.405,-1.897,2.265,DOWN
SPIKE-TSM-1753715220,TSM,2025-07-28T15:07:00+00:00,439.03,5.822,3.651,3.486,1.933,UP
SPIKE-MSFT-1753971420,MSFT,2025-07-31T14:17:00+00:00,150.86,4.583,3.042,3.489,3.000,UP
SPIKE-DAL-1753798440,DAL,2025-07-29T14:14:00+00:00,118.51,-2.981,-1.721,-2.270,2.384,DOWN
SPIKE-BA-1754598960,BA,2025-08-07T20:36:00+00:00,410.07,8.816,5.288,1.737,2.964,UP
SPIKE-TSLA-1754580780,TSLA,2025-08-07T15:33:00+00:00,194.35,-7.272,-4.048,-2.930,2.766,DOWN
SPIKE-RIVN-1753804800,RIVN,2025-07-29T16:00:00+00:00,229.28,7.355,5.539,3.058,2.198,UP
SPIKE-TSLA-1754577660,TSLA,2025-08-07T14:41:00+00:00,407.56,3.258,2.474,2.022,1.850,UP
SPIKE-COIN-1755007260,COIN,2025-08-12T14:01:00+00:00,64.02,6.427,3.704,1.846,1.594,UP
SPIKE-RIVN-1753455180,RIVN,2025-07-25T14:53:00+00:00,241.07,2.506,1.859,1.633,2.530,UP
SPIKE-META-1754070780,META,2025-08-01T17:53:00+00:00,254.11,-2.349,-1.807,-1.914,1.855,DOWN
SPIKE-AMC-1754512440,AMC,2025-08-06T20:34:00+00:00,38.05,9.427,7.138,2.247,2.519,UP
SPIKE-GOOGL-1755180120,GOOGL,2025-08-14T14:02:00+00:00,318.69,5.119,3.694,2.361,3.190,UP
SPIKE-CRWD-1753467720,CRWD,2025-07-25T18:22:00+00:00,140.43,6.389,3.540,2.616,3.040,UP
SPIKE-GME-1753470660,GME,2025-07-25T19:11:00+00:00,55.72,5.942,4.278,1.885,2.205,UP
SPIKE-SOFI-1754671620,SOFI,2025-08-08T16:47:00+00:00,324.89,4.295,3.227,3.521,2.748,UP
SPIKE-GOOGL-1753723140,GOOGL,2025-07-28T17:19:00+00:00,272.18,7.441,5.060,3.850,1.817,UP
SPIKE-GOOGL-1755010020,GOOGL,2025-08-12T14:47:00+00:00,207.50,9.056,7.504,2.991,2.802,UP
SPIKE-GME-1753725720,GME,2025-07-28T18:02:00+00:00,158.16,9.109,6.016,3.182,3.122,UP
SPIKE-SOFI-1753900620,SOFI,2025-07-30T18:37:00+00:00,358.80,7.686,5.054,2.162,2.250,UP
SPIKE-AAPL-1753819080,AAPL,2025-07-29T19:58:00+00:00,434.94,8.596,5.362,1.910,2.117,UP
SPIKE-CRWD-1755109920,CRWD,2025-08-13T18:32:00+00:00,305.05,3.794,2.728,2.871,2.520,UP
SPIKE-AAPL-1754497500,AAPL,2025-08-06T16:25:00+00:00,37.99,7.089,4.439,1.980,2.350,UP
SPIKE-BA-1753458120,BA,2025-07-25T15:42:00+00:00,29.11,9.611,6.033,2.362,1.539,UP
SPIKE-NIO-1753462800,NIO,2025-07-25T17:00:00+00:00,321.47,6.379,3.537,2.735,2.407,UP
SPIKE-MSFT-1754503920,MSFT,2025-08-06T18:12:00+00:00,139.14,-2.298,-1.658,-1.680,3.172,DOWN
SPIKE-RIVN-1753808760,RIVN,2025-07-29T17:06:00+00:00,232.18,6.293,4.620,2.420,2.665,UP
SPIKE-CRWV-1753799820,CRWV,2025-07-29T14:37:00+00:00,254.09,2.549,2.119,3.239,2.966,UP
SPIKE-AFRM-1754063160,AFRM,2025-08-01T15:46:00+00:00,288.51,7.624,4.251,3.555,1.676,UP
SPIKE-CRWV-1754679960,CRWV,2025-08-08T19:06:00+00:00,58.26,6.689,5.474,2.113,2.308,UP
SPIKE-TSM-1754070000,TSM,2025-08-01T17:40:00+00:00,295.02,3.311,2.256,2.408,2.667,UP
SPIKE-SQ-1754503860,SQ,2025-08-06T18:11:00+00:00,233.21,9.947,5.518,2.187,1.882,UP
SPIKE-RIVN-1754664480,RIVN,2025-08-08T14:48:00+00:00,64.27,3.526,2.219,2.109,2.990,UP
SPIKE-HOOD-1754066160,HOOD,2025-08-01T16:36:00+00:00,251.01,3.407,2.572,3.805,1.522,UP
SPIKE-SRFM-1755104700,SRFM,2025-08-13T17:05:00+00:00,354.27,-2.814,-2.225,-1.720,2.031,DOWN
SPIKE-TSM-1753460940,TSM,2025-07-25T16:29:00+00:00,156.24,6.456,5.458,3.000,2.453,UP
SPIKE-HOOD-1754593260,HOOD,2025-08-07T19:01:00+00:00,279.15,8.589,6.464,2.809,2.124,UP
SPIKE-SQ-1753454940,SQ,2025-07-25T14:49:00+00:00,396.14,-4.030,-3.240,-2.500,2.939,DOWN
SPIKE-AMD-1753898640,AMD,2025-07-30T18:04:00+00:00,133.64,3.424,2.907,2.487,1.594,UP
SPIKE-NVDA-1754596500,NVDA,2025-08-07T19:55:00+00:00,327.79,8.577,4.860,3.800,2.792,UP
SPIKE-CRWD-1753886640,CRWD,2025-07-30T14:44:00+00:00,82.39,4.238,3.117,3.627,2.692,UP
SPIKE-SOFI-1753734180,SOFI,2025-07-28T20:23:00+00:00,231.33,3.369,2.058,3.060,1.943,UP
SPIKE-RIVN-1754073480,RIVN,2025-08-01T18:38:00+00:00,130.10,-8.777,-6.328,-1.928,2.790,DOWN
SPIKE-BA-1754596560,BA,2025-08-07T19:56:00+00:00,273.18,8.035,5.277,3.435,3.159,UP
SPIKE-TSLA-1753888020,TSLA,2025-07-30T15:07:00+00:00,117.26,-2.553,-2.063,-2.330,3.192,DOWN
SPIKE-TSM-1753990560,TSM,2025-07-31T19:36:00+00:00,424.41,9.668,6.742,3.800,1.564,UP
SPIKE-SOFI-1755029700,SOFI,2025-08-12T20:15:00+00:00,264.48,3.495,2.500,3.807,2.259,UP
SPIKE-GOOGL-1754673420,GOOGL,2025-08-08T17:17:00+00:00,161.04,9.631,7.763,3.119,2.029,UP
SPIKE-META-1753800120,META,2025-07-29T14:42:00+00:00,53.53,9.371,7.963,3.214,2.385,UP
SPIKE-SQ-1753989600,SQ,2025-07-31T19:20:00+00:00,270.92,2.669,2.118,2.213,2.665,UP
SPIKE-GME-1755011700,GME,2025-08-12T15:15:00+00:00,180.87,-5.122,-3.321,-2.606,2.135,DOWN
SPIKE-COIN-1755027120,COIN,2025-08-12T19:32:00+00:00,256.51,7.595,4.187,1.890,1.769,UP
SPIKE-META-1753800540,META,2025-07-29T14:49:00+00:00,436.53,7.100,4.811,3.122,2.834,UP
SPIKE-AMD-1754490660,AMD,2025-08-06T14:31:00+00:00,430.15,-3.387,-2.379,-1.583,2.441,DOWN
SPIKE-BA-1753904820,BA,2025-07-30T19:47:00+00:00,99.00,4.006,2.539,3.455,1.756,UP
SPIKE-AMC-1754504040,AMC,2025-08-06T18:14:00+00:00,399.89,4.356,3.212,2.778,1.987,UP
SPIKE-DAL-1755106680,DAL,2025-08-13T17:38:00+00:00,186.43,7.857,6.559,2.232,2.345,UP
SPIKE-TSLA-1754336520,TSLA,2025-08-04T19:42:00+00:00,374.74,7.605,4.755,3.475,2.400,UP
SPIKE-AAPL-1753906320,AAPL,2025-07-30T20:12:00+00:00,96.13,4.335,3.371,2.732,1.766,UP
SPIKE-AMD-1754664780,AMD,2025-08-08T14:53:00+00:00,399.53,7.505,5.538,2.413,2.242,UP
SPIKE-GOOGL-1753887300,GOOGL,2025-07-30T14:55:00+00:00,332.73,5.434,3.902,3.202,2.652,UP
SPIKE-SOFI-1753719180,SOFI,2025-07-28T16:13:00+00:00,244.02,7.092,5.993,2.935,1.508,UP
SPIKE-SRFM-1754937300,SRFM,2025-08-11T18:35:00+00:00,231.25,3.833,3.000,4.000,1.846,UP
SPIKE-SRFM-1754586300,SRFM,2025-08-07T17:05:00+00:00,178.24,4.188,3.096,1.704,2.365,UP
SPIKE-NVDA-1753886400,NVDA,2025-07-30T14:40:00+00:00,213.23,8.623,6.961,3.541,2.390,UP
SPIKE-HOOD-1753469220,HOOD,2025-07-25T18:47:00+00:00,99.96,5.273,3.070,2.971,2.533,UP
SPIKE-SOFI-1754413800,SOFI,2025-08-05T17:10:00+00:00,133.84,9.823,5.609,2.286,3.106,UP
SPIKE-RIVN-1754424120,RIVN,2025-08-05T20:02:00+00:00,55.29,4.375,3.606,1.801,1.688,UP
SPIKE-COIN-1753991400,COIN,2025-07-31T19:50:00+00:00,427.85,7.951,5.893,2.047,2.596,UP
SPIKE-META-1755009960,META,2025-08-12T14:46:00+00:00,117.10,8.073,5.791,3.469,2.386,UP
SPIKE-CRWD-1753975920,CRWD,2025-07-31T15:32:00+00:00,128.68,8.417,6.449,3.606,2.497,UP
SPIKE-NVDA-1754061420,NVDA,2025-08-01T15:17:00+00:00,268.27,9.440,5.726,1.971,1.698,UP
SPIKE-AMD-1755114540,AMD,2025-08-13T19:49:00+00:00,247.89,-5.329,-4.171,-1.787,1.821,DOWN
SPIKE-SQ-1754583240,SQ,2025-08-07T16:14:00+00:00,419.33,3.926,3.241,3.111,3.000,UP
SPIKE-TSM-1755098580,TSM,2025-08-13T15:23:00+00:00,146.08,8.553,5.791,2.075,1.971,UP
SPIKE-MSFT-1753734360,MSFT,2025-07-28T20:26:00+00:00,183.21,6.780,5.558,2.532,2.876,UP
SPIKE-SOFI-1754672460,SOFI,2025-08-08T17:01:00+00:00,82.48,2.774,2.338,2.811,3.141,UP
SPIKE-SRFM-1753979400,SRFM,2025-07-31T16:30:00+00:00,335.36,6.096,3.479,2.212,2.847,UP
SPIKE-SRFM-1754403180,SRFM,2025-08-05T14:13:00+00:00,203.32,5.873,4.126,1.794,3.133,UP
SPIKE-META-1753902660,META,2025-07-30T19:11:00+00:00,392.50,5.580,3.502,2.966,3.106,UP
SPIKE-RIVN-1754923800,RIVN,2025-08-11T14:50:00+00:00,156.13,2.507,1.915,1.668,1.968,UP
SPIKE-GME-1753798740,GME,2025-07-29T14:19:00+00:00,8.60,4.850,3.566,3.616,2.941,UP
SPIKE-TSM-1754941440,TSM,2025-08-11T19:44:00+00:00,121.60,8.088,6.246,2.453,1.857,UP
SPIKE-AMD-1754667780,AMD,2025-08-08T15:43:00+00:00,93.29,9.726,6.879,3.014,1.788,UP
SPIKE-HOOD-1754493480,HOOD,2025-08-06T15:18:00+00:00,262.01,4.252,2.701,2.228,2.059,UP
SPIKE-UAL-1754667900,UAL,2025-08-08T15:45:00+00:00,339.71,6.192,4.849,2.990,2.999,UP
SPIKE-GOOGL-1755108540,GOOGL,2025-08-13T18:09:00+00:00,308.87,7.021,5.448,3.538,2.271,UP
SPIKE-NVDA-1754936280,NVDA,2025-08-11T18:18:00+00:00,181.01,-8.751,-7.177,-2.839,2.318,DOWN
SPIKE-GOOGL-1754409420,GOOGL,2025-08-05T15:57:00+00:00,381.07,7.339,5.599,3.328,2.448,UP
SPIKE-SQ-1754340960,SQ,2025-08-04T20:56:00+00:00,280.10,3.516,2.744,3.609,1.591,UP
SPIKE-NVDA-1753804320,NVDA,2025-07-29T15:52:00+00:00,200.78,5.918,3.382,1.688,3.071,UP
SPIKE-HOOD-1754077020,HOOD,2025-08-01T19:37:00+00:00,6.94,2.821,1.834,1.625,2.758,UP
SPIKE-NVDA-1754326620,NVDA,2025-08-04T16:57:00+00:00,132.15,4.402,3.300,1.662,1.722,UP
SPIKE-HOOD-1753993800,HOOD,2025-07-31T20:30:00+00:00,338.43,9.879,6.436,3.445,2.030,UP
SPIKE-AAPL-1753979880,AAPL,2025-07-31T16:38:00+00:00,409.90,5.631,4.577,2.132,1.780,UP
SPIKE-NVDA-1754320860,NVDA,2025-08-04T15:21:00+00:00,210.59,2.150,1.540,1.687,2.864,UP
SPIKE-AAL-1754321400,AAL,2025-08-04T15:30:00+00:00,102.16,8.323,5.980,3.406,2.199,UP
SPIKE-CRWV-1754666880,CRWV,2025-08-08T15:28:00+00:00,440.92,2.698,2.130,1.506,3.161,UP
SPIKE-TSM-1753721700,TSM,2025-07-28T16:55:00+00:00,315.27,-4.205,-3.050,-1.667,1.630,DOWN
SPIKE-RIVN-1754403960,RIVN,2025-08-05T14:26:00+00:00,170.79,5.450,3.471,2.388,1.927,UP
SPIKE-AMC-1755111000,AMC,2025-08-13T18:50:00+00:00,310.66,4.002,2.414,1.689,2.497,UP
SPIKE-SRFM-1753456620,SRFM,2025-07-25T15:17:00+00:00,238.65,3.737,2.994,1.569,1.923,UP
SPIKE-MSFT-1754317860,MSFT,2025-08-04T14:31:00+00:00,307.40,7.588,6.396,1.784,2.363,UP
SPIKE-RIVN-1755182280,RIVN,2025-08-14T14:38:00+00:00,356.38,4.884,3.288,3.641,1.512,UP
SPIKE-SQ-1754332980,SQ,2025-08-04T18:43:00+00:00,309.35,2.161,1.205,2.929,1.798,UP
SPIKE-AMC-1754058600,AMC,2025-08-01T14:30:00+00:00,101.16,3.927,2.474,3.606,2.077,UP
SPIKE-RIVN-1754944620,RIVN,2025-08-11T20:37:00+00:00,435.36,4.293,3.039,3.837,2.876,UP
SPIKE-SRFM-1754584920,SRFM,2025-08-07T16:42:00+00:00,317.96,6.435,5.155,2.291,1.750,UP
SPIKE-NIO-1754320260,NIO,2025-08-04T15:11:00+00:00,411.59,3.562,2.730,3.424,1.716,UP
SPIKE-AAL-1754414160,AAL,2025-08-05T17:16:00+00:00,433.47,5.053,3.949,3.109,2.515,UP
SPIKE-BA-1754510220,BA,2025-08-06T19:57:00+00:00,276.37,-3.096,-2.506,-1.521,1.657,DOWN
SPIKE-TSLA-1754594520,TSLA,2025-08-07T19:22:00+00:00,168.75,3.815,2.841,3.125,2.754,UP
SPIKE-GME-1754598360,GME,2025-08-07T20:26:00+00:00,156.99,4.130,3.217,3.531,2.689,UP
SPIKE-SMCI-1754334480,SMCI,2025-08-04T19:08:00+00:00,404.18,8.951,6.881,2.123,2.966,UP
SPIKE-GOOGL-1755111600,GOOGL,2025-08-13T19:00:00+00:00,327.29,-4.808,-3.457,-3.640,1.562,DOWN
SPIKE-TSLA-1753819200,TSLA,2025-07-29T20:00:00+00:00,268.75,3.646,2.403,3.110,2.245,UP
SPIKE-PLTR-1754063160,PLTR,2025-08-01T15:46:00+00:00,212.45,4.379,3.069,3.440,3.041,UP
SPIKE-AAPL-1753974600,AAPL,2025-07-31T15:10:00+00:00,101.65,2.536,2.052,1.545,1.821,UP
SPIKE-SOFI-1754510400,SOFI,2025-08-06T20:00:00+00:00,71.25,8.531,5.781,3.767,2.855,UP
SPIKE-COIN-1753977960,COIN,2025-07-31T16:06:00+00:00,354.00,4.046,2.819,3.008,1.898,UP
SPIKE-RIVN-1753813200,RIVN,2025-07-29T18:20:00+00:00,354.51,9.018,5.366,1.644,2.275,UP
SPIKE-SQ-1754335620,SQ,2025-08-04T19:27:00+00:00,449.15,8.518,6.349,2.693,2.688,UP
SPIKE-GOOGL-1753984200,GOOGL,2025-07-31T17:50:00+00:00,212.98,3.493,1.950,3.300,2.199,UP
SPIKE-SRFM-1753472820,SRFM,2025-07-25T19:47:00+00:00,448.36,6.282,3.752,1.532,1.922,UP
SPIKE-TSLA-1755112800,TSLA,2025-08-13T19:20:00+00:00,408.63,4.625,3.656,2.683,1.762,UP
SPIKE-PLTR-1754669640,PLTR,2025-08-08T16:14:00+00:00,34.82,8.639,7.130,3.712,1.870,UP
SPIKE-AAL-1753808820,AAL,2025-07-29T17:07:00+00:00,54.50,3.083,1.920,3.355,2.918,UP
SPIKE-NVDA-1753798560,NVDA,2025-07-29T14:16:00+00:00,207.17,9.095,7.718,1.533,2.436,UP
SPIKE-PLTR-1754678760,PLTR,2025-08-08T18:46:00+00:00,254.66,7.582,4.743,1.798,1.782,UP
SPIKE-AAPL-1754073480,AAPL,2025-08-01T18:38:00+00:00,387.63,4.705,3.665,1.524,2.131,UP
SPIKE-GME-1753725540,GME,2025-07-28T17:59:00+00:00,219.22,-6.059,-4.388,-1.984,2.609,DOWN
SPIKE-AMD-1753804140,AMD,2025-07-29T15:49:00+00:00,126.35,5.109,4.300,2.541,1.801,UP
SPIKE-COIN-1754063760,COIN,2025-08-01T15:56:00+00:00,287.46,2.227,1.509,3.263,2.940,UP
SPIKE-CRWD-1753895580,CRWD,2025-07-30T17:13:00+00:00,363.84,5.537,4.277,3.780,2.704,UP
SPIKE-BA-1755113520,BA,2025-08-13T19:32:00+00:00,359.33,8.876,7.064,3.907,3.108,UP
SPIKE-CRWD-1755099780,CRWD,2025-08-13T15:43:00+00:00,9.07,9.501,6.779,2.155,2.641,UP
SPIKE-SOFI-1754071680,SOFI,2025-08-01T18:08:00+00:00,410.36,6.316,5.128,2.271,2.430,UP
SPIKE-TSM-1754331060,TSM,2025-08-04T18:11:00+00:00,52.37,4.279,3.503,2.856,2.428,UP
SPIKE-PLTR-1753460880,PLTR,2025-07-25T16:28:00+00:00,87.69,3.889,2.494,3.080,2.714,UP
SPIKE-TSM-1755181620,TSM,2025-08-14T14:27:00+00:00,248.59,3.662,2.626,2.991,2.343,UP
SPIKE-HOOD-1753467300,HOOD,2025-07-25T18:15:00+00:00,8.51,-2.658,-2.177,-2.108,3.121,DOWN
SPIKE-SRFM-1754941200,SRFM,2025-08-11T19:40:00+00:00,41.31,6.876,5.102,3.199,1.657,UP
SPIKE-NIO-1753993020,NIO,2025-07-31T20:17:00+00:00,186.27,7.090,4.442,2.842,2.742,UP
SPIKE-NVDA-1753990020,NVDA,2025-07-31T19:27:00+00:00,434.97,8.828,4.917,3.906,2.064,UP
SPIKE-SMCI-1754665740,SMCI,2025-08-08T15:09:00+00:00,8.27,9.554,6.170,2.672,2.689,UP
SPIKE-TSLA-1754080260,TSLA,2025-08-01T20:31:00+00:00,295.46,-2.416,-1.947,-1.548,2.396,DOWN
SPIKE-PLTR-1753717200,PLTR,2025-07-28T15:40:00+00:00,101.40,-4.316,-3.081,-2.070,1.778,DOWN
SPIKE-META-1753891560,META,2025-07-30T16:06:00+00:00,209.77,5.234,4.303,3.682,2.016,UP
SPIKE-AAL-1755184560,AAL,2025-08-14T15:16:00+00:00,301.82,4.270,3.019,3.149,2.086,UP
SPIKE-SRFM-1755022560,SRFM,2025-08-12T18:16:00+00:00,257.10,2.043,1.238,2.907,1.643,UP
SPIKE-CRWD-1755010020,CRWD,2025-08-12T14:47:00+00:00,136.29,2.566,2.029,3.609,1.965,UP
SPIKE-AAPL-1755187800,AAPL,2025-08-14T16:10:00+00:00,128.04,4.658,3.842,3.106,1.524,UP
SPIKE-AFRM-1753885680,AFRM,2025-07-30T14:28:00+00:00,121.57,4.431,3.566,3.749,2.749,UP
SPIKE-NIO-1753990740,NIO,2025-07-31T19:39:00+00:00,264.53,2.711,2.301,2.673,1.502,UP
SPIKE-DAL-1754661720,DAL,2025-08-08T14:02:00+00:00,57.50,3.813,2.367,2.629,1.904,UP
SPIKE-AAL-1754336160,AAL,2025-08-04T19:36:00+00:00,209.25,8.986,6.994,2.413,2.979,UP
SPIKE-DAL-1754322240,DAL,2025-08-04T15:44:00+00:00,376.81,8.448,6.550,3.928,2.661,UP
SPIKE-META-1754577300,META,2025-08-07T14:35:00+00:00,314.24,8.423,5.680,3.071,1.772,UP
SPIKE-MSFT-1754504880,MSFT,2025-08-06T18:28:00+00:00,102.55,2.378,1.799,3.797,2.289,UP
SPIKE-TSM-1755194640,TSM,2025-08-14T18:04:00+00:00,149.59,7.316,5.874,1.666,2.149,UP
SPIKE-SOFI-1754322600,SOFI,2025-08-04T15:50:00+00:00,344.87,6.760,4.654,3.394,2.407,UP
SPIKE-AAPL-1753970400,AAPL,2025-07-31T14:00:00+00:00,96.75,5.357,3.786,1.685,2.075,UP
SPIKE-TSM-1753472700,TSM,2025-07-25T19:45:00+00:00,47.98,2.834,2.218,3.016,2.734,UP
SPIKE-NIO-1754667960,NIO,2025-08-08T15:46:00+00:00,351.92,2.153,1.457,1.825,1.889,UP
SPIKE-SQ-1754318160,SQ,2025-08-04T14:36:00+00:00,137.26,3.424,1.948,1.920,2.371,UP
SPIKE-SQ-1754578020,SQ,2025-08-07T14:47:00+00:00,162.76,2.841,2.210,3.934,2.922,UP
SPIKE-META-1754503680,META,2025-08-06T18:08:00+00:00,105.59,4.226,3.180,2.361,2.510,UP
SPIKE-SQ-1753816500,SQ,2025-07-29T19:15:00+00:00,377.35,8.533,5.411,3.660,2.195,UP
SPIKE-COIN-1755201900,COIN,2025-08-14T20:05:00+00:00,370.61,9.796,7.319,2.037,3.018,UP
SPIKE-UAL-1754511660,UAL,2025-08-06T20:21:00+00:00,159.35,5.771,3.780,1.549,1.508,UP
SPIKE-CRWD-1755187740,CRWD,2025-08-14T16:09:00+00:00,271.99,4.300,2.991,2.469,2.250,UP
SPIKE-SOFI-1755201900,SOFI,2025-08-14T20:05:00+00:00,23.82,3.449,2.307,3.181,1.523,UP
SPIKE-HOOD-1753806780,HOOD,2025-07-29T16:33:00+00:00,255.01,8.937,5.840,1.540,2.120,UP
SPIKE-TSM-1753734120,TSM,2025-07-28T20:22:00+00:00,12.73,3.857,2.521,3.476,2.749,UP
SPIKE-NVDA-1755198720,NVDA,2025-08-14T19:12:00+00:00,298.89,2.135,1.223,2.581,1.535,UP
SPIKE-AFRM-1753474680,AFRM,2025-07-25T20:18:00+00:00,152.62,5.761,3.889,1.762,2.288,UP
SPIKE-CRWD-1754326800,CRWD,2025-08-04T17:00:00+00:00,447.06,-2.102,-1.376,-1.983,1.997,DOWN
SPIKE-AMD-1754932860,AMD,2025-08-11T17:21:00+00:00,335.33,5.554,3.458,3.039,2.045,UP
SPIKE-CRWV-1753475040,CRWV,2025-07-25T20:24:00+00:00,296.87,4.022,2.254,3.774,2.386,UP
SPIKE-SOFI-1755009840,SOFI,2025-08-12T14:44:00+00:00,407.02,9.239,5.453,2.067,2.766,UP
SPIKE-AAPL-1754410380,AAPL,2025-08-05T16:13:00+00:00,313.20,9.252,7.106,1.668,1.658,UP
SPIKE-SMCI-1753724400,SMCI,2025-07-28T17:40:00+00:00,373.76,2.168,1.273,1.945,2.598,UP
SPIKE-CRWD-1754926740,CRWD,2025-08-11T15:39:00+00:00,53.07,6.365,3.524,2.071,1.927,UP
SPIKE-AMC-1753474260,AMC,2025-07-25T20:11:00+00:00,341.90,3.832,3.252,3.700,2.930,UP
SPIKE-TSLA-1753977060,TSLA,2025-07-31T15:51:00+00:00,139.42,6.713,5.390,3.016,2.655,UP
SPIKE-AAPL-1755181380,AAPL,2025-08-14T14:23:00+00:00,363.49,6.299,5.251,1.558,2.932,UP
SPIKE-NIO-1754676900,NIO,2025-08-08T18:15:00+00:00,221.67,7.324,4.202,2.033,2.326,UP
SPIKE-GOOGL-1753973400,GOOGL,2025-07-31T14:50:00+00:00,339.81,9.168,7.339,3.633,2.711,UP
SPIKE-AMD-1754941560,AMD,2025-08-11T19:46:00+00:00,276.23,2.688,1.563,2.061,3.030,UP
SPIKE-HOOD-1755031080,HOOD,2025-08-12T20:38:00+00:00,385.39,8.757,5.237,2.445,1.819,UP
SPIKE-SOFI-1755197340,SOFI,2025-08-14T18:49:00+00:00,37.29,3.154,2.511,1.681,2.410,UP
SPIKE-NIO-1755010500,NIO,2025-08-12T14:55:00+00:00,286.27,4.183,3.555,3.832,2.527,UP
SPIKE-GME-1753906500,GME,2025-07-30T20:15:00+00:00,114.72,6.292,4.776,3.361,1.623,UP
SPIKE-SQ-1754920920,SQ,2025-08-11T14:02:00+00:00,21.33,6.467,4.574,2.451,2.710,UP
SPIKE-UAL-1754425560,UAL,2025-08-05T20:26:00+00:00,294.09,2.089,1.588,2.888,1.725,UP
SPIKE-NVDA-1753817880,NVDA,2025-07-29T19:38:00+00:00,38.87,4.909,3.141,3.967,2.102,UP
SPIKE-AFRM-1754488440,AFRM,2025-08-06T13:54:00+00:00,97.32,6.608,4.428,3.741,2.198,UP
SPIKE-AAPL-1754321580,AAPL,2025-08-04T15:33:00+00:00,151.95,5.645,3.862,3.229,2.989,UP
SPIKE-UAL-1753883640,UAL,2025-07-30T13:54:00+00:00,113.01,5.081,4.007,3.319,2.259,UP
SPIKE-BA-1754661660,BA,2025-08-08T14:01:00+00:00,171.48,-2.726,-1.769,-2.613,2.357,DOWN
SPIKE-CRWV-1754922180,CRWV,2025-08-11T14:23:00+00:00,71.15,2.343,1.500,1.599,1.828,UP
SPIKE-GOOGL-1753895640,GOOGL,2025-07-30T17:14:00+00:00,392.27,2.667,2.167,3.763,3.074,UP
SPIKE-AFRM-1753797360,AFRM,2025-07-29T13:56:00+00:00,71.15,7.255,4.762,2.240,2.609,UP
SPIKE-SQ-1755115920,SQ,2025-08-13T20:12:00+00:00,392.11,6.840,4.604,2.515,1.968,UP
SPIKE-HOOD-1754079600,HOOD,2025-08-01T20:20:00+00:00,207.11,9.089,5.774,2.467,2.235,UP
SPIKE-AFRM-1754676780,AFRM,2025-08-08T18:13:00+00:00,239.87,7.011,4.188,2.924,2.601,UP
SPIKE-DAL-1754684640,DAL,2025-08-08T20:24:00+00:00,24.18,9.259,5.429,3.281,2.747,UP
SPIKE-RIVN-1755013260,RIVN,2025-08-12T15:41:00+00:00,297.77,6.361,4.701,1.755,1.638,UP
SPIKE-TSM-1754502120,TSM,2025-08-06T17:42:00+00:00,429.02,-3.560,-2.961,-2.811,2.751,DOWN
SPIKE-SRFM-1753893780,SRFM,2025-07-30T16:43:00+00:00,41.56,-2.101,-1.197,-1.787,2.846,DOWN
SPIKE-UAL-1754333520,UAL,2025-08-04T18:52:00+00:00,9.34,8.874,4.970,3.859,2.417,UP
SPIKE-HOOD-1753797300,HOOD,2025-07-29T13:55:00+00:00,407.69,9.905,7.368,1.813,1.566,UP
SPIKE-MSFT-1754080260,MSFT,2025-08-01T20:31:00+00:00,349.45,4.999,2.990,1.639,2.610,UP
SPIKE-COIN-1754582520,COIN,2025-08-07T16:02:00+00:00,344.92,2.091,1.618,3.497,1.794,UP
SPIKE-CRWV-1754064120,CRWV,2025-08-01T16:02:00+00:00,131.40,8.452,5.230,1.655,2.548,UP
SPIKE-NVDA-1754930940,NVDA,2025-08-11T16:49:00+00:00,340.26,-4.251,-3.421,-3.546,2.717,DOWN
SPIKE-BA-1754492520,BA,2025-08-06T15:02:00+00:00,268.84,-3.921,-3.095,-3.891,1.962,DOWN
SPIKE-AMC-1753983060,AMC,2025-07-31T17:31:00+00:00,245.23,9.290,7.488,2.645,1.910,UP
SPIKE-TSLA-1753816080,TSLA,2025-07-29T19:08:00+00:00,395.28,4.704,2.943,2.518,3.183,UP
SPIKE-NVDA-1754068440,NVDA,2025-08-01T17:14:00+00:00,392.21,9.297,7.527,2.409,1.855,UP
SPIKE-GME-1755106020,GME,2025-08-13T17:27:00+00:00,328.22,9.567,7.195,2.668,3.046,UP
SPIKE-AFRM-1755012540,AFRM,2025-08-12T15:29:00+00:00,69.25,3.765,2.886,2.197,1.883,UP
SPIKE-AFRM-1753900800,AFRM,2025-07-30T18:40:00+00:00,219.29,2.711,1.917,1.552,2.037,UP
SPIKE-GOOGL-1754329800,GOOGL,2025-08-04T17:50:00+00:00,280.25,9.416,5.904,2.972,2.173,UP
SPIKE-AFRM-1755114360,AFRM,2025-08-13T19:46:00+00:00,65.16,2.245,1.836,3.434,2.030,UP
SPIKE-RIVN-1754593860,RIVN,2025-08-07T19:11:00+00:00,183.08,7.861,4.860,3.255,1.518,UP
SPIKE-COIN-1753734840,COIN,2025-07-28T20:34:00+00:00,322.15,-2.278,-1.814,-3.179,1.917,DOWN
SPIKE-SMCI-1754406720,SMCI,2025-08-05T15:12:00+00:00,328.86,2.245,1.392,3.308,3.122,UP
SPIKE-AAL-1754492520,AAL,2025-08-06T15:02:00+00:00,231.38,-5.348,-4.043,-3.036,3.016,DOWN
SPIKE-PLTR-1753819800,PLTR,2025-07-29T20:10:00+00:00,409.47,7.324,5.629,2.875,2.396,UP
SPIKE-SOFI-1753733760,SOFI,2025-07-28T20:16:00+00:00,404.68,7.064,4.213,1.923,2.832,UP
SPIKE-SQ-1753799160,SQ,2025-07-29T14:26:00+00:00,121.07,2.504,1.871,3.696,1.812,UP
SPIKE-GME-1755012720,GME,2025-08-12T15:32:00+00:00,71.98,3.736,2.521,2.145,2.100,UP
SPIKE-PLTR-1753714740,PLTR,2025-07-28T14:59:00+00:00,176.34,7.710,4.327,3.681,2.172,UP
SPIKE-GOOGL-1753904820,GOOGL,2025-07-30T19:47:00+00:00,143.21,8.328,6.863,3.033,2.980,UP
SPIKE-SOFI-1755008640,SOFI,2025-08-12T14:24:00+00:00,268.35,7.135,4.349,2.935,2.945,UP
SPIKE-HOOD-1754592540,HOOD,2025-08-07T18:49:00+00:00,360.91,2.987,1.901,3.512,1.963,UP
SPIKE-TSLA-1754675940,TSLA,2025-08-08T17:59:00+00:00,28.61,4.325,2.737,3.985,2.791,UP
SPIKE-COIN-1754509500,COIN,2025-08-06T19:45:00+00:00,415.73,9.861,6.552,1.823,1.583,UP
SPIKE-BA-1754577960,BA,2025-08-07T14:46:00+00:00,110.01,8.374,6.576,3.651,3.049,UP
SPIKE-AFRM-1755009240,AFRM,2025-08-12T14:34:00+00:00,339.36,5.537,4.656,3.703,2.148,UP
SPIKE-AFRM-1754577900,AFRM,2025-08-07T14:45:00+00:00,210.81,4.161,2.395,1.629,2.580,UP
SPIKE-GME-1755194520,GME,2025-08-14T18:02:00+00:00,15.17,5.546,3.709,3.072,1.973,UP
SPIKE-DAL-1754327700,DAL,2025-08-04T17:15:00+00:00,70.86,4.420,2.804,2.916,3.082,UP
SPIKE-HOOD-1753900380,HOOD,2025-07-30T18:33:00+00:00,407.95,4.089,2.760,3.093,2.118,UP
SPIKE-META-1753451460,META,2025-07-25T13:51:00+00:00,95.71,2.800,1.898,1.719,2.850,UP
SPIKE-TSM-1755023340,TSM,2025-08-12T18:29:00+00:00,313.45,5.915,4.252,2.457,1.786,UP
SPIKE-DAL-1755115140,DAL,2025-08-13T19:59:00+00:00,179.26,-5.587,-4.511,-1.779,1.866,DOWN
SPIKE-BA-1753890120,BA,2025-07-30T15:42:00+00:00,319.62,6.149,3.662,2.975,2.867,UP
SPIKE-AAL-1754583360,AAL,2025-08-07T16:16:00+00:00,126.98,3.635,3.051,2.363,1.728,UP
SPIKE-SRFM-1755112140,SRFM,2025-08-13T19:09:00+00:00,275.10,9.229,6.320,1.796,2.236,UP
SPIKE-AAPL-1754937660,AAPL,2025-08-11T18:41:00+00:00,418.25,-8.970,-6.115,-2.636,3.157,DOWN
SPIKE-CRWV-1753893360,CRWV,2025-07-30T16:36:00+00:00,339.00,9.507,7.036,2.137,2.267,UP
SPIKE-SRFM-1754318280,SRFM,2025-08-04T14:38:00+00:00,400.94,2.315,1.290,1.746,2.595,UP
SPIKE-NVDA-1755195780,NVDA,2025-08-14T18:23:00+00:00,78.27,5.330,3.520,2.210,3.139,UP
SPIKE-SOFI-1754671020,SOFI,2025-08-08T16:37:00+00:00,278.97,4.354,2.900,2.559,2.114,UP
SPIKE-SOFI-1754415960,SOFI,2025-08-05T17:46:00+00:00,444.40,2.670,1.480,1.545,2.982,UP
SPIKE-CRWD-1754584440,CRWD,2025-08-07T16:34:00+00:00,416.60,2.150,1.283,3.420,2.579,UP
SPIKE-PLTR-1753980180,PLTR,2025-07-31T16:43:00+00:00,233.44,2.688,2.157,3.207,2.149,UP
SPIKE-SQ-1754316780,SQ,2025-08-04T14:13:00+00:00,56.47,5.240,4.222,3.945,2.034,UP
SPIKE-NVDA-1754320920,NVDA,2025-08-04T15:22:00+00:00,94.40,2.690,1.888,2.070,1.718,UP
SPIKE-PLTR-1753734780,PLTR,2025-07-28T20:33:00+00:00,341.72,3.282,2.696,2.394,2.746,UP
SPIKE-PLTR-1754492760,PLTR,2025-08-06T15:06:00+00:00,389.13,4.811,2.929,3.506,2.617,UP
SPIKE-UAL-1753714740,UAL,2025-07-28T14:59:00+00:00,138.80,2.827,1.685,1.691,2.699,UP
SPIKE-NIO-1754938380,NIO,2025-08-11T18:53:00+00:00,159.11,2.265,1.870,3.099,2.299,UP
SPIKE-SQ-1754336760,SQ,2025-08-04T19:46:00+00:00,397.06,2.172,1.754,3.996,2.043,UP
SPIKE-TSM-1753458780,TSM,2025-07-25T15:53:00+00:00,267.52,9.520,7.560,3.106,1.554,UP
SPIKE-AAPL-1755199080,AAPL,2025-08-14T19:18:00+00:00,169.70,4.231,3.186,2.033,2.744,UP
SPIKE-CRWV-1755026580,CRWV,2025-08-12T19:23:00+00:00,259.10,8.424,5.134,1.789,2.927,UP
SPIKE-AMD-1754489640,AMD,2025-08-06T14:14:00+00:00,425.24,4.111,2.531,3.526,1.963,UP
SPIKE-TSM-1754070360,TSM,2025-08-01T17:46:00+00:00,108.40,3.927,2.219,3.451,1.972,UP
SPIKE-AAPL-1754502240,AAPL,2025-08-06T17:44:00+00:00,388.59,7.516,5.005,1.720,2.418,UP
SPIKE-MSFT-1753983180,MSFT,2025-07-31T17:33:00+00:00,144.89,6.426,3.653,2.015,1.851,UP
SPIKE-AMD-1754600100,AMD,2025-08-07T20:55:00+00:00,38.35,8.195,5.595,1.571,2.869,UP
SPIKE-GOOGL-1753799160,GOOGL,2025-07-29T14:26:00+00:00,119.98,7.537,5.041,3.179,1.993,UP
SPIKE-AMD-1754677560,AMD,2025-08-08T18:26:00+00:00,258.29,3.676,2.745,3.004,2.894,UP
SPIKE-AAL-1753466760,AAL,2025-07-25T18:06:00+00:00,418.75,3.419,2.723,2.577,1.858,UP
SPIKE-AMD-1754077260,AMD,2025-08-01T19:41:00+00:00,56.95,5.433,3.427,1.714,2.505,UP
SPIKE-RIVN-1755019980,RIVN,2025-08-12T17:33:00+00:00,323.93,4.036,3.422,3.623,2.071,UP
SPIKE-AMC-1753711860,AMC,2025-07-28T14:11:00+00:00,49.05,9.044,5.635,2.333,1.774,UP
SPIKE-CRWV-1754410320,CRWV,2025-08-05T16:12:00+00:00,253.26,-7.839,-6.511,-2.970,1.764,DOWN
SPIKE-AMC-1753891980,AMC,2025-07-30T16:13:00+00:00,271.95,5.071,2.957,3.332,2.118,UP
SPIKE-AFRM-1754581500,AFRM,2025-08-07T15:45:00+00:00,351.18,8.835,5.742,3.522,1.991,UP
SPIKE-NVDA-1754076120,NVDA,2025-08-01T19:22:00+00:00,249.78,-4.310,-2.798,-2.401,2.842,DOWN
SPIKE-SOFI-1755197040,SOFI,2025-08-14T18:44:00+00:00,364.42,9.984,7.016,3.596,1.872,UP
SPIKE-NIO-1755096000,NIO,2025-08-13T14:40:00+00:00,416.49,5.466,3.059,3.633,1.665,UP
SPIKE-AFRM-1755026640,AFRM,2025-08-12T19:24:00+00:00,242.52,2.315,1.757,1.772,2.613,UP
SPIKE-AMC-1755096660,AMC,2025-08-13T14:51:00+00:00,258.32,8.824,7.198,2.698,2.620,UP
SPIKE-CRWD-1754413860,CRWD,2025-08-05T17:11:00+00:00,190.07,3.415,2.028,2.189,1.781,UP
SPIKE-RIVN-1753805580,RIVN,2025-07-29T16:13:00+00:00,423.57,2.596,1.654,2.623,2.252,UP
SPIKE-NVDA-1754596140,NVDA,2025-08-07T19:49:00+00:00,172.37,5.815,3.345,2.954,3.034,UP
SPIKE-SOFI-1753907940,SOFI,2025-07-30T20:39:00+00:00,441.06,9.037,7.425,2.313,2.737,UP
SPIKE-NVDA-1755118440,NVDA,2025-08-13T20:54:00+00:00,147.33,7.111,5.363,3.027,2.959,UP
SPIKE-PLTR-1755009660,PLTR,2025-08-12T14:41:00+00:00,20.72,9.858,6.154,2.353,2.810,UP
SPIKE-AAL-1754584380,AAL,2025-08-07T16:33:00+00:00,62.00,7.341,5.048,1.721,3.016,UP
SPIKE-SMCI-1755110820,SMCI,2025-08-13T18:47:00+00:00,73.78,3.722,2.967,2.537,1.848,UP
SPIKE-AAL-1754326440,AAL,2025-08-04T16:54:00+00:00,79.72,6.196,4.605,3.228,2.327,UP
SPIKE-SQ-1754670120,SQ,2025-08-08T16:22:00+00:00,11.87,-2.072,-1.387,-2.037,2.910,DOWN
SPIKE-HOOD-1755011940,HOOD,2025-08-12T15:19:00+00:00,334.55,8.153,6.845,3.423,3.083,UP
SPIKE-DAL-1753994400,DAL,2025-07-31T20:40:00+00:00,240.54,3.519,2.814,2.541,3.165,UP
SPIKE-SQ-1754681100,SQ,2025-08-08T19:25:00+00:00,317.53,4.249,2.835,1.680,2.032,UP
SPIKE-AFRM-1753886880,AFRM,2025-07-30T14:48:00+00:00,342.25,5.035,2.992,3.801,1.624,UP
SPIKE-CRWD-1753470120,CRWD,2025-07-25T19:02:00+00:00,427.43,4.252,2.396,3.096,2.182,UP
SPIKE-CRWD-1754511660,CRWD,2025-08-06T20:21:00+00:00,311.07,8.343,4.854,2.450,2.756,UP
SPIKE-TSM-1754420520,TSM,2025-08-05T19:02:00+00:00,180.36,4.109,2.534,1.959,3.130,UP
SPIKE-AAPL-1753800480,AAPL,2025-07-29T14:48:00+00:00,131.99,5.182,3.486,2.463,2.526,UP
SPIKE-HOOD-1753820460,HOOD,2025-07-29T20:21:00+00:00,69.20,9.064,7.406,2.545,2.610,UP
SPIKE-CRWV-1753714140,CRWV,2025-07-28T14:49:00+00:00,327.27,2.236,1.701,1.996,3.042,UP
SPIKE-AAPL-1754317200,AAPL,2025-08-04T14:20:00+00:00,289.38,3.148,2.408,3.666,1.701,UP
SPIKE-GME-1754320380,GME,2025-08-04T15:13:00+00:00,418.89,5.654,3.302,2.491,1.698,UP
SPIKE-SRFM-1754596860,SRFM,2025-08-07T20:01:00+00:00,196.60,8.486,6.873,3.656,3.002,UP
SPIKE-UAL-1754937780,UAL,2025-08-11T18:43:00+00:00,25.98,-9.282,-6.176,-3.775,2.402,DOWN
SPIKE-AMC-1753973400,AMC,2025-07-31T14:50:00+00:00,28.78,4.489,3.753,1.505,2.935,UP
SPIKE-AAPL-1753904280,AAPL,2025-07-30T19:38:00+00:00,59.24,4.113,2.881,2.406,2.396,UP
SPIKE-GME-1755019680,GME,2025-08-12T17:28:00+00:00,209.24,-7.986,-6.467,-2.345,2.766,DOWN
SPIKE-COIN-1753891560,COIN,2025-07-30T16:06:00+00:00,152.07,6.936,4.565,2.143,2.560,UP
SPIKE-SQ-1753456800,SQ,2025-07-25T15:20:00+00:00,281.46,6.091,4.260,3.108,1.958,UP
SPIKE-NVDA-1755183120,NVDA,2025-08-14T14:52:00+00:00,283.33,2.478,1.736,2.803,1.829,UP
SPIKE-BA-1754584860,BA,2025-08-07T16:41:00+00:00,404.27,2.696,1.484,3.189,2.259,UP
SPIKE-NIO-1753461720,NIO,2025-07-25T16:42:00+00:00,373.39,9.124,6.748,1.737,2.768,UP
SPIKE-HOOD-1755200940,HOOD,2025-08-14T19:49:00+00:00,342.61,5.952,3.943,3.205,1.960,UP
SPIKE-UAL-1754942040,UAL,2025-08-11T19:54:00+00:00,448.40,-6.645,-4.243,-2.014,2.224,DOWN
SPIKE-BA-1753979940,BA,2025-07-31T16:39:00+00:00,346.50,5.873,3.760,3.259,2.686,UP
SPIKE-CRWV-1753714740,CRWV,2025-07-28T14:59:00+00:00,251.08,4.334,2.847,3.253,2.872,UP
SPIKE-CRWV-1755015060,CRWV,2025-08-12T16:11:00+00:00,150.80,5.656,4.558,3.799,1.515,UP
SPIKE-HOOD-1753978980,HOOD,2025-07-31T16:23:00+00:00,32.86,3.620,2.585,2.174,2.405,UP
SPIKE-SMCI-1755193800,SMCI,2025-08-14T17:50:00+00:00,235.51,3.349,2.355,3.920,1.801,UP
SPIKE-NIO-1754508660,NIO,2025-08-06T19:31:00+00:00,307.60,3.290,2.469,2.674,3.059,UP
SPIKE-PLTR-1755023880,PLTR,2025-08-12T18:38:00+00:00,176.19,7.221,5.650,2.059,3.035,UP
SPIKE-HOOD-1753805220,HOOD,2025-07-29T16:07:00+00:00,420.72,4.153,2.811,3.630,2.557,UP
SPIKE-NVDA-1754589840,NVDA,2025-08-07T18:04:00+00:00,389.41,5.678,4.028,3.151,2.351,UP
SPIKE-DAL-1753906440,DAL,2025-07-30T20:14:00+00:00,130.95,-2.311,-1.467,-2.493,2.676,DOWN
SPIKE-GOOGL-1754683320,GOOGL,2025-08-08T20:02:00+00:00,196.05,2.243,1.516,3.280,2.231,UP
SPIKE-GOOGL-1754670720,GOOGL,2025-08-08T16:32:00+00:00,368.26,3.206,2.348,2.064,3.062,UP
SPIKE-SMCI-1754668680,SMCI,2025-08-08T15:58:00+00:00,167.37,4.082,2.474,1.678,2.541,UP
SPIKE-GOOGL-1754067660,GOOGL,2025-08-01T17:01:00+00:00,189.46,9.099,7.140,1.944,2.405,UP
SPIKE-CRWD-1753805520,CRWD,2025-07-29T16:12:00+00:00,346.40,8.011,6.477,2.648,2.336,UP
SPIKE-DAL-1755184920,DAL,2025-08-14T15:22:00+00:00,361.35,7.256,4.157,2.458,1.820,UP
SPIKE-AMC-1754933220,AMC,2025-08-11T17:27:00+00:00,392.00,3.314,2.541,2.725,1.541,UP
SPIKE-TSM-1754672700,TSM,2025-08-08T17:05:00+00:00,181.00,3.790,3.176,3.725,2.880,UP
SPIKE-AMC-1754412180,AMC,2025-08-05T16:43:00+00:00,320.19,9.778,7.819,3.109,1.629,UP
SPIKE-PLTR-1754586540,PLTR,2025-08-07T17:09:00+00:00,425.84,-9.909,-5.469,-3.991,2.329,DOWN
SPIKE-AFRM-1753975680,AFRM,2025-07-31T15:28:00+00:00,71.40,3.909,3.199,1.930,2.296,UP
SPIKE-TSLA-1755098040,TSLA,2025-08-13T15:14:00+00:00,348.94,4.992,3.537,3.973,2.957,UP
SPIKE-DAL-1754599740,DAL,2025-08-07T20:49:00+00:00,70.55,4.344,2.539,2.818,1.872,UP
SPIKE-NVDA-1754497500,NVDA,2025-08-06T16:25:00+00:00,270.67,-9.437,-5.758,-1.884,2.636,DOWN
SPIKE-MSFT-1753819620,MSFT,2025-07-29T20:07:00+00:00,394.11,4.715,2.665,2.932,2.725,UP
SPIKE-CRWV-1754074620,CRWV,2025-08-01T18:57:00+00:00,342.64,7.540,6.002,3.871,2.687,UP
SPIKE-CRWD-1755023580,CRWD,2025-08-12T18:33:00+00:00,235.93,3.790,2.383,2.935,2.972,UP
SPIKE-MSFT-1754596920,MSFT,2025-08-07T20:02:00+00:00,327.02,5.390,3.168,3.418,1.560,UP
SPIKE-META-1753971720,META,2025-07-31T14:22:00+00:00,189.42,4.104,2.742,2.861,2.527,UP
SPIKE-DAL-1754408940,DAL,2025-08-05T15:49:00+00:00,195.59,-3.180,-1.933,-1.603,2.142,DOWN
SPIKE-AFRM-1753453620,AFRM,2025-07-25T14:27:00+00:00,142.84,9.055,6.438,2.171,2.201,UP
SPIKE-BA-1754500680,BA,2025-08-06T17:18:00+00:00,226.02,-8.927,-5.797,-2.598,2.405,DOWN
SPIKE-BA-1753468740,BA,2025-07-25T18:39:00+00:00,203.73,-6.960,-5.801,-3.271,1.837,DOWN
SPIKE-AMD-1755032400,AMD,2025-08-12T21:00:00+00:00,152.11,5.169,3.864,2.255,2.300,UP
SPIKE-BA-1754585580,BA,2025-08-07T16:53:00+00:00,223.97,5.434,3.282,1.930,1.721,UP
SPIKE-AFRM-1753986960,AFRM,2025-07-31T18:36:00+00:00,25.34,3.173,2.344,3.026,3.032,UP
SPIKE-GOOGL-1754316360,GOOGL,2025-08-04T14:06:00+00:00,233.60,5.198,2.968,3.731,2.039,UP
SPIKE-COIN-1754920260,COIN,2025-08-11T13:51:00+00:00,75.28,9.627,6.416,3.317,2.036,UP
SPIKE-AAL-1753473600,AAL,2025-07-25T20:00:00+00:00,32.85,-5.960,-4.558,-3.564,1.877,DOWN
SPIKE-AMD-1753734360,AMD,2025-07-28T20:26:00+00:00,63.28,8.862,5.018,2.254,1.967,UP
SPIKE-HOOD-1755093660,HOOD,2025-08-13T14:01:00+00:00,49.70,2.677,2.170,3.070,2.600,UP
SPIKE-DAL-1755016860,DAL,2025-08-12T16:41:00+00:00,365.07,9.789,5.546,3.935,1.769,UP
SPIKE-GOOGL-1753717380,GOOGL,2025-07-28T15:43:00+00:00,155.98,-2.056,-1.591,-1.656,2.551,DOWN
SPIKE-NIO-1755180360,NIO,2025-08-14T14:06:00+00:00,391.56,5.015,2.837,3.512,2.552,UP
SPIKE-SQ-1754578500,SQ,2025-08-07T14:55:00+00:00,261.03,8.555,5.441,3.310,3.008,UP
SPIKE-UAL-1753734420,UAL,2025-07-28T20:27:00+00:00,148.34,2.813,2.290,3.417,3.054,UP
SPIKE-CRWV-1753807080,CRWV,2025-07-29T16:38:00+00:00,145.69,3.914,3.119,1.805,2.084,UP
SPIKE-RIVN-1754403000,RIVN,2025-08-05T14:10:00+00:00,347.10,9.367,7.405,1.928,3.151,UP
SPIKE-CRWD-1754058420,CRWD,2025-08-01T14:27:00+00:00,102.22,2.154,1.791,2.681,3.179,UP
SPIKE-NVDA-1754493900,NVDA,2025-08-06T15:25:00+00:00,108.12,2.189,1.740,3.773,1.644,UP
SPIKE-HOOD-1754505960,HOOD,2025-08-06T18:46:00+00:00,276.13,7.000,4.630,2.992,2.224,UP
SPIKE-TSLA-1754667360,TSLA,2025-08-08T15:36:00+00:00,107.47,4.159,3.388,3.686,1.801,UP
SPIKE-RIVN-1755107160,RIVN,2025-08-13T17:46:00+00:00,163.89,8.282,5.502,3.333,2.549,UP
SPIKE-AFRM-1754068140,AFRM,2025-08-01T17:09:00+00:00,108.47,5.209,3.291,2.335,1.856,UP
SPIKE-NVDA-1754417520,NVDA,2025-08-05T18:12:00+00:00,303.42,5.166,3.059,1.915,2.843,UP
SPIKE-CRWV-1755117660,CRWV,2025-08-13T20:41:00+00:00,373.20,3.643,2.076,3.695,1.761,UP
SPIKE-SMCI-1754586120,SMCI,2025-08-07T17:02:00+00:00,87.26,8.784,5.583,1.780,2.255,UP
SPIKE-AFRM-1754587740,AFRM,2025-08-07T17:29:00+00:00,268.96,4.112,3.365,2.705,2.793,UP
SPIKE-AAPL-1754668500,AAPL,2025-08-08T15:55:00+00:00,117.72,3.015,1.677,3.918,2.199,UP
SPIKE-AFRM-1755184680,AFRM,2025-08-14T15:18:00+00:00,376.93,3.582,2.143,2.490,2.687,UP
SPIKE-PLTR-1754937540,PLTR,2025-08-11T18:39:00+00:00,116.76,3.446,2.588,2.142,2.645,UP
SPIKE-HOOD-1753473540,HOOD,2025-07-25T19:59:00+00:00,132.06,8.598,5.224,1.856,2.374,UP
SPIKE-CRWV-1754585520,CRWV,2025-08-07T16:52:00+00:00,200.05,-3.057,-1.761,-2.232,3.193,DOWN
SPIKE-SMCI-1754590380,SMCI,2025-08-07T18:13:00+00:00,348.60,2.694,1.877,2.051,3.181,UP
SPIKE-META-1754332620,META,2025-08-04T18:37:00+00:00,222.16,5.601,4.354,3.533,2.913,UP
SPIKE-TSM-1755099180,TSM,2025-08-13T15:33:00+00:00,256.10,7.496,4.847,3.381,2.221,UP
SPIKE-GOOGL-1754682360,GOOGL,2025-08-08T19:46:00+00:00,56.70,-8.825,-5.454,-2.871,1.847,DOWN
SPIKE-AFRM-1755188580,AFRM,2025-08-14T16:23:00+00:00,269.59,4.222,3.341,3.375,1.521,UP
SPIKE-GME-1754942160,GME,2025-08-11T19:56:00+00:00,399.06,5.268,4.243,3.829,1.992,UP
SPIKE-UAL-1754418000,UAL,2025-08-05T18:20:00+00:00,301.54,-7.578,-5.784,-2.380,2.605,DOWN
SPIKE-SQ-1755179460,SQ,2025-08-14T13:51:00+00:00,192.91,8.803,7.412,2.798,1.662,UP
SPIKE-DAL-1754510940,DAL,2025-08-06T20:09:00+00:00,36.50,7.213,4.327,3.319,1.826,UP
SPIKE-NVDA-1753734120,NVDA,2025-07-28T20:22:00+00:00,287.80,3.014,2.197,2.699,3.035,UP
SPIKE-DAL-1754511000,DAL,2025-08-06T20:10:00+00:00,34.53,7.067,3.909,2.574,2.900,UP
SPIKE-AAPL-1754417880,AAPL,2025-08-05T18:18:00+00:00,148.67,-5.511,-4.140,-3.591,1.561,DOWN
SPIKE-CRWD-1754414700,CRWD,2025-08-05T17:25:00+00:00,214.73,7.140,5.272,1.991,2.793,UP
SPIKE-SQ-1755196920,SQ,2025-08-14T18:42:00+00:00,28.67,4.144,2.284,3.643,2.397,UP
SPIKE-PLTR-1755018780,PLTR,2025-08-12T17:13:00+00:00,258.88,-4.430,-2.870,-2.579,1.545,DOWN
SPIKE-MSFT-1755013560,MSFT,2025-08-12T15:46:00+00:00,376.46,7.701,6.375,1.575,1.812,UP
SPIKE-TSLA-1754406120,TSLA,2025-08-05T15:02:00+00:00,416.27,3.090,1.832,2.446,2.277,UP
SPIKE-SOFI-1753453680,SOFI,2025-07-25T14:28:00+00:00,124.73,4.890,3.760,2.868,2.059,UP
SPIKE-TSLA-1753730700,TSLA,2025-07-28T19:25:00+00:00,359.06,6.183,4.315,1.793,1.547,UP
SPIKE-GME-1753976460,GME,2025-07-31T15:41:00+00:00,294.53,2.140,1.549,2.870,2.490,UP
SPIKE-CRWV-1755191100,CRWV,2025-08-14T17:05:00+00:00,38.76,6.502,5.489,3.831,2.813,UP
SPIKE-SQ-1755182340,SQ,2025-08-14T14:39:00+00:00,85.66,8.048,5.150,2.199,2.898,UP
SPIKE-UAL-1755102960,UAL,2025-08-13T16:36:00+00:00,281.66,6.343,4.218,2.931,1.583,UP
SPIKE-TSLA-1755113280,TSLA,2025-08-13T19:28:00+00:00,198.46,2.223,1.358,2.674,1.794,UP
SPIKE-COIN-1755103380,COIN,2025-08-13T16:43:00+00:00,70.97,6.078,4.152,3.492,3.000,UP
SPIKE-SQ-1754502600,SQ,2025-08-06T17:50:00+00:00,353.97,5.482,3.491,1.952,1.968,UP
SPIKE-RIVN-1755102540,RIVN,2025-08-13T16:29:00+00:00,332.36,2.717,1.723,3.019,1.785,UP
SPIKE-CRWD-1755106860,CRWD,2025-08-13T17:41:00+00:00,421.11,7.188,4.956,3.675,2.069,UP
SPIKE-RIVN-1753884600,RIVN,2025-07-30T14:10:00+00:00,182.44,7.245,5.729,2.519,2.157,UP
SPIKE-AMD-1755009720,AMD,2025-08-12T14:42:00+00:00,109.60,3.720,2.375,2.103,1.906,UP
SPIKE-TSLA-1754511240,TSLA,2025-08-06T20:14:00+00:00,393.89,6.600,5.103,3.647,3.188,UP
SPIKE-UAL-1754497140,UAL,2025-08-06T16:19:00+00:00,131.67,3.900,2.942,1.520,2.864,UP
SPIKE-MSFT-1754069580,MSFT,2025-08-01T17:33:00+00:00,8.31,8.473,5.421,3.637,2.113,UP
SPIKE-TSM-1754934300,TSM,2025-08-11T17:45:00+00:00,118.55,5.553,3.515,3.697,2.629,UP
SPIKE-AAPL-1755114060,AAPL,2025-08-13T19:41:00+00:00,382.83,3.496,2.024,2.677,1.759,UP
SPIKE-NIO-1755200880,NIO,2025-08-14T19:48:00+00:00,88.45,3.734,2.713,3.663,2.700,UP
SPIKE-AMC-1754405040,AMC,2025-08-05T14:44:00+00:00,43.70,8.847,7.353,1.839,1.861,UP
SPIKE-TSM-1754061780,TSM,2025-08-01T15:23:00+00:00,158.36,5.616,4.221,3.945,2.989,UP
SPIKE-AMC-1755017460,AMC,2025-08-12T16:51:00+00:00,46.44,-4.018,-3.313,-3.461,1.971,DOWN
SPIKE-SQ-1753981980,SQ,2025-07-31T17:13:00+00:00,82.50,9.369,7.860,2.208,2.700,UP
SPIKE-AAL-1754076840,AAL,2025-08-01T19:34:00+00:00,233.15,3.835,2.990,3.723,1.803,UP
SPIKE-HOOD-1753462980,HOOD,2025-07-25T17:03:00+00:00,431.94,8.027,5.200,1.992,1.926,UP
SPIKE-BA-1754494740,BA,2025-08-06T15:39:00+00:00,323.07,8.699,6.317,3.422,3.102,UP
SPIKE-NIO-1754671800,NIO,2025-08-08T16:50:00+00:00,358.67,2.550,1.555,2.582,2.687,UP
SPIKE-AFRM-1754079720,AFRM,2025-08-01T20:22:00+00:00,247.74,3.031,1.985,2.730,2.522,UP
SPIKE-MSFT-1755008520,MSFT,2025-08-12T14:22:00+00:00,96.59,3.386,2.555,3.424,3.004,UP
SPIKE-CRWD-1753459620,CRWD,2025-07-25T16:07:00+00:00,86.03,4.269,3.126,1.824,2.371,UP
SPIKE-GME-1755029040,GME,2025-08-12T20:04:00+00:00,39.79,8.187,5.468,3.711,2.111,UP
SPIKE-TSM-1754670240,TSM,2025-08-08T16:24:00+00:00,10.20,9.084,5.782,3.435,2.459,UP
SPIKE-SQ-1753470900,SQ,2025-07-25T19:15:00+00:00,324.98,5.467,4.016,2.191,2.410,UP
SPIKE-TSLA-1753905420,TSLA,2025-07-30T19:57:00+00:00,442.64,7.285,5.714,2.977,2.431,UP
SPIKE-CRWD-1753733400,CRWD,2025-07-28T20:10:00+00:00,86.91,8.983,5.968,1.776,3.154,UP
SPIKE-CRWD-1754597280,CRWD,2025-08-07T20:08:00+00:00,77.59,9.771,7.236,1.608,1.685,UP
SPIKE-COIN-1754073960,COIN,2025-08-01T18:46:00+00:00,375.67,3.101,2.073,2.651,2.281,UP
SPIKE-UAL-1754935560,UAL,2025-08-11T18:06:00+00:00,415.76,5.653,3.927,2.491,2.383,UP
SPIKE-NIO-1753721880,NIO,2025-07-28T16:58:00+00:00,437.17,7.302,4.887,2.591,2.673,UP
SPIKE-UAL-1754076660,UAL,2025-08-01T19:31:00+00:00,383.25,7.971,6.490,2.935,1.760,UP
SPIKE-AMD-1754928240,AMD,2025-08-11T16:04:00+00:00,255.55,9.991,8.053,2.377,3.168,UP
SPIKE-TSM-1753715520,TSM,2025-07-28T15:12:00+00:00,256.03,2.480,1.773,2.193,2.021,UP
SPIKE-SMCI-1754662740,SMCI,2025-08-08T14:19:00+00:00,21.47,-9.004,-4.957,-1.990,3.011,DOWN
SPIKE-DAL-1753971780,DAL,2025-07-31T14:23:00+00:00,233.36,2.277,1.327,2.906,1.645,UP
SPIKE-PLTR-1755026940,PLTR,2025-08-12T19:29:00+00:00,405.96,3.852,2.313,3.979,1.828,UP
SPIKE-AFRM-1755011580,AFRM,2025-08-12T15:13:00+00:00,115.32,7.661,4.675,3.695,1.862,UP
SPIKE-DAL-1755013980,DAL,2025-08-12T15:53:00+00:00,250.11,3.818,3.091,3.119,1.776,UP
SPIKE-AAL-1753718040,AAL,2025-07-28T15:54:00+00:00,273.01,5.245,3.995,2.933,2.863,UP
SPIKE-GOOGL-1753713720,GOOGL,2025-07-28T14:42:00+00:00,387.73,6.224,4.659,3.350,2.299,UP
SPIKE-GOOGL-1754922240,GOOGL,2025-08-11T14:24:00+00:00,256.76,7.922,6.278,1.541,2.496,UP
SPIKE-UAL-1753894500,UAL,2025-07-30T16:55:00+00:00,265.38,8.202,4.674,1.707,1.962,UP
SPIKE-HOOD-1754669880,HOOD,2025-08-08T16:18:00+00:00,264.89,7.502,6.097,3.342,1.734,UP
SPIKE-AFRM-1755187320,AFRM,2025-08-14T16:02:00+00:00,338.14,4.021,2.903,3.154,1.562,UP
SPIKE-TSLA-1754058720,TSLA,2025-08-01T14:32:00+00:00,125.32,3.150,1.888,2.995,2.154,UP
SPIKE-SQ-1755184260,SQ,2025-08-14T15:11:00+00:00,223.90,8.430,5.754,3.874,3.191,UP
SPIKE-CRWD-1754585520,CRWD,2025-08-07T16:52:00+00:00,248.79,4.033,2.284,2.958,1.592,UP
SPIKE-TSM-1753893240,TSM,2025-07-30T16:34:00+00:00,249.73,4.176,3.467,3.195,2.333,UP
SPIKE-AMC-1754497800,AMC,2025-08-06T16:30:00+00:00,45.64,7.178,5.099,1.933,1.632,UP
SPIKE-UAL-1753474740,UAL,2025-07-25T20:19:00+00:00,323.97,6.160,5.210,2.023,2.535,UP
SPIKE-AMD-1754679360,AMD,2025-08-08T18:56:00+00:00,99.31,4.764,2.800,3.425,2.810,UP
SPIKE-SMCI-1755009540,SMCI,2025-08-12T14:39:00+00:00,402.90,2.840,2.314,2.925,1.566,UP
SPIKE-DAL-1755025080,DAL,2025-08-12T18:58:00+00:00,332.12,7.232,4.519,2.646,2.319,UP
SPIKE-SQ-1754060100,SQ,2025-08-01T14:55:00+00:00,123.38,6.346,3.661,3.426,2.570,UP
SPIKE-SMCI-1754588760,SMCI,2025-08-07T17:46:00+00:00,424.19,6.702,4.610,2.720,2.229,UP
SPIKE-SOFI-1754073060,SOFI,2025-08-01T18:31:00+00:00,38.95,3.478,2.805,2.806,1.967,UP
SPIKE-PLTR-1753905360,PLTR,2025-07-30T19:56:00+00:00,136.64,-6.918,-5.602,-3.882,1.663,DOWN
SPIKE-SQ-1753722300,SQ,2025-07-28T17:05:00+00:00,26.62,6.386,4.306,2.895,2.935,UP
SPIKE-HOOD-1754333280,HOOD,2025-08-04T18:48:00+00:00,240.96,7.844,5.035,2.047,2.649,UP
SPIKE-AFRM-1753711080,AFRM,2025-07-28T13:58:00+00:00,235.89,-0.504,-0.353,0.088,1.063,DOWN
SPIKE-NIO-1753472160,NIO,2025-07-25T19:36:00+00:00,360.75,0.833,0.583,-0.584,1.104,UP
SPIKE-PLTR-1754419740,PLTR,2025-08-05T18:49:00+00:00,416.24,-0.385,-0.269,-0.109,0.873,DOWN
SPIKE-AMC-1754938980,AMC,2025-08-11T19:03:00+00:00,446.01,0.319,0.223,-0.027,0.831,UP
SPIKE-AMD-1753905300,AMD,2025-07-30T19:55:00+00:00,363.43,-1.120,-0.784,0.026,1.145,DOWN
SPIKE-DAL-1754503680,DAL,2025-08-06T18:08:00+00:00,295.02,0.046,0.032,0.467,1.055,UP
SPIKE-TSLA-1754664420,TSLA,2025-08-08T14:47:00+00:00,147.15,0.047,0.033,0.257,1.025,UP
SPIKE-PLTR-1754593980,PLTR,2025-08-07T19:13:00+00:00,78.38,-0.579,-0.406,0.500,1.040,DOWN
SPIKE-TSLA-1754579460,TSLA,2025-08-07T15:11:00+00:00,426.53,0.454,0.318,-0.442,1.214,UP
SPIKE-META-1754593680,META,2025-08-07T19:08:00+00:00,346.32,-0.134,-0.094,0.262,0.916,DOWN
SPIKE-PLTR-1754428380,PLTR,2025-08-05T21:13:00+00:00,381.54,0.098,0.068,-0.529,1.152,UP
SPIKE-META-1754502420,META,2025-08-06T17:47:00+00:00,254.06,-1.076,-0.753,-0.289,0.910,DOWN
SPIKE-RIVN-1755197580,RIVN,2025-08-14T18:53:00+00:00,294.97,0.166,0.116,-0.080,1.093,UP
SPIKE-SQ-1753895700,SQ,2025-07-30T17:15:00+00:00,151.26,-0.588,-0.412,-0.555,1.058,DOWN
SPIKE-AMD-1755118680,AMD,2025-08-13T20:58:00+00:00,366.81,0.193,0.135,0.250,1.037,UP
SPIKE-AFRM-1755009780,AFRM,2025-08-12T14:43:00+00:00,70.92,-0.922,-0.645,0.507,1.077,DOWN
SPIKE-HOOD-1754336640,HOOD,2025-08-04T19:44:00+00:00,382.91,0.532,0.372,-0.542,1.209,UP
SPIKE-RIVN-1753727400,RIVN,2025-07-28T18:30:00+00:00,222.20,-0.682,-0.477,-0.540,1.018,DOWN
SPIKE-PLTR-1755195060,PLTR,2025-08-14T18:11:00+00:00,119.42,1.089,0.762,-0.465,0.809,UP
SPIKE-MSFT-1754501280,MSFT,2025-08-06T17:28:00+00:00,12.73,0.536,0.375,-0.089,1.211,UP
SPIKE-DAL-1754923140,DAL,2025-08-11T14:39:00+00:00,63.36,-0.208,-0.145,-0.141,1.166,DOWN
SPIKE-NVDA-1754585700,NVDA,2025-08-07T16:55:00+00:00,167.93,0.515,0.360,-0.572,1.079,UP
SPIKE-PLTR-1753897140,PLTR,2025-07-30T17:39:00+00:00,234.62,1.197,0.838,0.649,1.214,UP
SPIKE-SRFM-1754331360,SRFM,2025-08-04T18:16:00+00:00,359.82,-0.457,-0.320,0.172,1.079,DOWN
SPIKE-AMD-1755112980,AMD,2025-08-13T19:23:00+00:00,335.96,0.328,0.230,-0.520,1.285,UP
SPIKE-HOOD-1753717620,HOOD,2025-07-28T15:47:00+00:00,429.53,1.079,0.756,-0.075,0.890,UP
SPIKE-AMD-1754592960,AMD,2025-08-07T18:56:00+00:00,428.35,-0.785,-0.550,-0.446,1.008,DOWN
SPIKE-HOOD-1753908540,HOOD,2025-07-30T20:49:00+00:00,18.94,0.568,0.398,-0.372,0.892,UP
SPIKE-COIN-1755019980,COIN,2025-08-12T17:33:00+00:00,247.73,1.155,0.808,-0.549,1.131,UP
SPIKE-SMCI-1754929020,SMCI,2025-08-11T16:17:00+00:00,239.38,-0.391,-0.274,-0.567,1.119,DOWN
SPIKE-MSFT-1755022980,MSFT,2025-08-12T18:23:00+00:00,427.36,-1.016,-0.711,0.254,1.169,DOWN
SPIKE-SQ-1755194580,SQ,2025-08-14T18:03:00+00:00,138.51,0.959,0.671,0.056,1.110,UP
SPIKE-UAL-1755189360,UAL,2025-08-14T16:36:00+00:00,302.43,0.405,0.284,-0.389,0.835,UP
SPIKE-NIO-1753993980,NIO,2025-07-31T20:33:00+00:00,126.38,0.368,0.258,-0.592,1.225,UP
SPIKE-UAL-1754510100,UAL,2025-08-06T19:55:00+00:00,13.54,-0.824,-0.577,-0.502,0.884,DOWN
SPIKE-SMCI-1754493720,SMCI,2025-08-06T15:22:00+00:00,244.39,1.145,0.802,0.524,0.877,UP
SPIKE-AFRM-1754945580,AFRM,2025-08-11T20:53:00+00:00,143.45,0.597,0.418,0.294,0.924,UP
SPIKE-HOOD-1754672820,HOOD,2025-08-08T17:07:00+00:00,114.04,0.785,0.550,0.540,0.971,UP
SPIKE-UAL-1754942700,UAL,2025-08-11T20:05:00+00:00,141.53,-1.049,-0.735,0.652,0.974,DOWN
SPIKE-UAL-1753459500,UAL,2025-07-25T16:05:00+00:00,191.24,0.842,0.590,-0.190,1.233,UP
SPIKE-TSLA-1753812900,TSLA,2025-07-29T18:15:00+00:00,215.26,-0.422,-0.295,0.054,0.888,DOWN
SPIKE-TSLA-1753815120,TSLA,2025-07-29T18:52:00+00:00,15.39,-0.111,-0.078,0.161,1.093,DOWN
SPIKE-GME-1754059920,GME,2025-08-01T14:52:00+00:00,310.73,0.562,0.393,0.280,1.108,UP
SPIKE-AFRM-1754424600,AFRM,2025-08-05T20:10:00+00:00,144.98,0.283,0.198,0.384,1.129,UP
SPIKE-RIVN-1754339520,RIVN,2025-08-04T20:32:00+00:00,94.48,0.860,0.602,0.264,0.978,UP
SPIKE-AMC-1753808580,AMC,2025-07-29T17:03:00+00:00,346.23,0.586,0.410,0.410,1.192,UP
SPIKE-SQ-1754069580,SQ,2025-08-01T17:33:00+00:00,189.82,-0.668,-0.468,0.055,1.096,DOWN
SPIKE-CRWV-1753906440,CRWV,2025-07-30T20:14:00+00:00,385.30,0.454,0.318,0.086,1.105,UP
SPIKE-SQ-1754070960,SQ,2025-08-01T17:56:00+00:00,430.50,-0.669,-0.468,-0.132,1.253,DOWN
SPIKE-AFRM-1754077320,AFRM,2025-08-01T19:42:00+00:00,245.31,-0.295,-0.207,-0.048,0.880,DOWN
SPIKE-SMCI-1754585160,SMCI,2025-08-07T16:46:00+00:00,50.02,-0.942,-0.660,0.180,0.894,DOWN
SPIKE-MSFT-1754592060,MSFT,2025-08-07T18:41:00+00:00,436.09,-0.769,-0.538,0.182,1.121,DOWN
SPIKE-UAL-1753905840,UAL,2025-07-30T20:04:00+00:00,133.35,-0.386,-0.270,-0.064,1.180,DOWN
SPIKE-SQ-1753808160,SQ,2025-07-29T16:56:00+00:00,110.47,-0.002,-0.001,0.635,1.099,DOWN
SPIKE-SRFM-1754077740,SRFM,2025-08-01T19:49:00+00:00,315.23,0.142,0.100,-0.446,0.875,UP
SPIKE-META-1753809120,META,2025-07-29T17:12:00+00:00,142.42,0.716,0.501,0.585,1.003,UP
SPIKE-CRWV-1755287646,CRWV,2025-08-15T19:54:06.734364+00:00,100.7000,5.022,1.201,0.712,1.713,UP
SPIKE-SRFM-1755287646,SRFM,2025-08-15T19:54:06.734364+00:00,4.4900,-6.458,-5.474,-2.072,1.870,DOWN
SPIKE-CRWV-1753897320,CRWV,2025-07-30T17:42:00+00:00,446.01,9.125,6.383,2.539,2.448,UP
SPIKE-BA-1754506320,BA,2025-08-06T18:52:00+00:00,277.97,4.294,2.581,3.406,1.903,UP
SPIKE-NVDA-1755023940,NVDA,2025-08-12T18:39:00+00:00,438.06,4.651,3.482,2.570,2.933,UP
SPIKE-SRFM-1754337060,SRFM,2025-08-04T19:51:00+00:00,243.10,8.495,6.960,1.739,3.086,UP
SPIKE-SMCI-1754317620,SMCI,2025-08-04T14:27:00+00:00,398.36,3.010,1.671,3.129,2.647,UP
SPIKE-META-1754597640,META,2025-08-07T20:14:00+00:00,177.93,8.603,5.786,2.366,2.249,UP
SPIKE-PLTR-1755014280,PLTR,2025-08-12T15:58:00+00:00,25.45,4.248,3.321,3.247,2.290,UP
SPIKE-AAPL-1755200760,AAPL,2025-08-14T19:46:00+00:00,267.34,2.546,1.661,3.266,2.591,UP
SPIKE-CRWV-1754669760,CRWV,2025-08-08T16:16:00+00:00,431.38,-3.717,-2.113,-1.781,1.796,DOWN
SPIKE-CRWD-1755016020,CRWD,2025-08-12T16:27:00+00:00,262.46,-9.550,-5.929,-3.343,3.130,DOWN
SPIKE-CRWD-1754065560,CRWD,2025-08-01T16:26:00+00:00,293.17,3.422,2.195,2.272,1.611,UP
SPIKE-COIN-1754334720,COIN,2025-08-04T19:12:00+00:00,118.07,7.438,4.803,3.092,3.162,UP
SPIKE-TSM-1754504820,TSM,2025-08-06T18:27:00+00:00,234.44,6.380,5.360,2.808,3.101,UP
SPIKE-CRWV-1754588460,CRWV,2025-08-07T17:41:00+00:00,444.25,4.924,3.168,3.182,1.873,UP
SPIKE-SRFM-1754332620,SRFM,2025-08-04T18:37:00+00:00,400.22,6.063,4.633,2.393,1.852,UP
SPIKE-META-1754326800,META,2025-08-04T17:00:00+00:00,82.76,6.728,3.705,2.077,1.747,UP
SPIKE-SRFM-1753886400,SRFM,2025-07-30T14:40:00+00:00,335.18,6.120,3.975,1.756,2.430,UP
SPIKE-MSFT-1754335440,MSFT,2025-08-04T19:24:00+00:00,411.82,7.654,5.388,3.167,2.042,UP
SPIKE-TSLA-1753718640,TSLA,2025-07-28T16:04:00+00:00,234.22,8.701,5.107,2.897,2.686,UP
SPIKE-SRFM-1754504220,SRFM,2025-08-06T18:17:00+00:00,425.75,4.049,2.253,3.899,2.495,UP
SPIKE-AAPL-1755196200,AAPL,2025-08-14T18:30:00+00:00,418.06,-9.536,-7.423,-1.723,2.780,DOWN
SPIKE-CRWD-1755012900,CRWD,2025-08-12T15:35:00+00:00,215.50,3.356,2.439,2.670,2.001,UP
SPIKE-TSLA-1755011040,TSLA,2025-08-12T15:04:00+00:00,143.63,6.192,4.653,2.414,2.450,UP
SPIKE-META-1754684580,META,2025-08-08T20:23:00+00:00,234.83,7.475,4.201,3.449,2.610,UP
SPIKE-AAPL-1753818780,AAPL,2025-07-29T19:53:00+00:00,107.07,5.414,3.228,2.420,3.071,UP
SPIKE-CRWV-1755025800,CRWV,2025-08-12T19:10:00+00:00,115.12,-6.202,-3.624,-2.627,1.617,DOWN
SPIKE-AAPL-1754926260,AAPL,2025-08-11T15:31:00+00:00,170.22,7.529,4.902,2.421,1.695,UP
SPIKE-PLTR-1755093780,PLTR,2025-08-13T14:03:00+00:00,426.30,7.696,5.318,1.574,2.514,UP
SPIKE-COIN-1753906920,COIN,2025-07-30T20:22:00+00:00,140.61,3.455,2.391,2.078,2.592,UP
SPIKE-NVDA-1753731240,NVDA,2025-07-28T19:34:00+00:00,35.65,-8.451,-5.122,-2.053,3.104,DOWN
SPIKE-AMD-1754677980,AMD,2025-08-08T18:33:00+00:00,286.15,-6.183,-3.649,-3.661,3.125,DOWN
SPIKE-BA-1754490360,BA,2025-08-06T14:26:00+00:00,88.83,6.510,4.963,2.178,2.343,UP
SPIKE-TSLA-1753977360,TSLA,2025-07-31T15:56:00+00:00,69.00,2.232,1.591,2.318,2.692,UP
SPIKE-TSLA-1753717620,TSLA,2025-07-28T15:47:00+00:00,142.07,2.084,1.391,1.921,2.659,UP
SPIKE-SMCI-1754061960,SMCI,2025-08-01T15:26:00+00:00,143.68,2.237,1.841,3.653,1.782,UP
SPIKE-SMCI-1754580780,SMCI,2025-08-07T15:33:00+00:00,194.35,7.272,4.048,2.930,2.766,UP
SPIKE-SMCI-1753804800,SMCI,2025-07-29T16:00:00+00:00,229.28,7.355,5.539,3.058,2.198,UP
SPIKE-CRWV-1753812060,CRWV,2025-07-29T18:01:00+00:00,407.56,3.258,2.474,2.022,1.850,UP
SPIKE-TSM-1753472580,TSM,2025-07-25T19:43:00+00:00,315.94,8.399,5.073,1.548,2.982,UP
SPIKE-TSM-1755113400,TSM,2025-08-13T19:30:00+00:00,90.41,6.802,4.096,3.549,2.210,UP
SPIKE-SRFM-1754664180,SRFM,2025-08-08T14:43:00+00:00,91.28,6.876,4.215,3.609,2.511,UP
SPIKE-MSFT-1753461840,MSFT,2025-07-25T16:44:00+00:00,61.53,9.024,5.849,2.833,2.597,UP
SPIKE-MSFT-1755197760,MSFT,2025-08-14T18:56:00+00:00,285.33,7.549,5.913,2.746,2.487,UP
SPIKE-NVDA-1754595180,NVDA,2025-08-07T19:33:00+00:00,141.80,-4.946,-4.201,-3.061,2.442,DOWN
SPIKE-CRWV-1753905360,CRWV,2025-07-30T19:56:00+00:00,54.24,5.453,4.176,1.526,2.412,UP
SPIKE-AMD-1753462560,AMD,2025-07-25T16:56:00+00:00,368.32,2.451,1.639,2.463,1.648,UP
SPIKE-AMD-1753455720,AMD,2025-07-25T15:02:00+00:00,345.21,8.349,6.604,2.210,2.131,UP
SPIKE-SMCI-1755186240,SMCI,2025-08-14T15:44:00+00:00,8.79,6.771,5.621,2.052,2.170,UP
SPIKE-TSM-1754412660,TSM,2025-08-05T16:51:00+00:00,374.03,7.556,5.763,2.740,2.202,UP
SPIKE-NVDA-1753734900,NVDA,2025-07-28T20:35:00+00:00,283.82,7.984,6.036,2.807,2.710,UP
SPIKE-COIN-1754593020,COIN,2025-08-07T18:57:00+00:00,281.65,6.722,5.038,2.953,2.264,UP
SPIKE-SMCI-1753980840,SMCI,2025-07-31T16:54:00+00:00,194.21,9.433,5.599,3.635,1.579,UP
SPIKE-PLTR-1755109920,PLTR,2025-08-13T18:32:00+00:00,305.05,3.794,2.728,2.871,2.520,UP
SPIKE-SMCI-1754498100,SMCI,2025-08-06T16:35:00+00:00,145.97,-8.341,-6.572,-3.490,2.482,DOWN
SPIKE-TSLA-1754422860,TSLA,2025-08-05T19:41:00+00:00,90.09,5.404,4.373,3.246,2.206,UP
SPIKE-AAPL-1755018840,AAPL,2025-08-12T17:14:00+00:00,208.87,4.090,2.498,3.278,2.496,UP
SPIKE-CRWD-1753806360,CRWD,2025-07-29T16:26:00+00:00,113.93,2.445,1.714,3.307,2.152,UP
SPIKE-TSM-1753810800,TSM,2025-07-29T17:40:00+00:00,86.88,7.466,5.266,3.627,2.617,UP
SPIKE-SRFM-1754937600,SRFM,2025-08-11T18:40:00+00:00,383.47,3.722,2.524,1.619,1.645,UP
SPIKE-SMCI-1753984260,SMCI,2025-07-31T17:51:00+00:00,149.19,6.988,5.732,2.920,1.719,UP
SPIKE-AMD-1753984440,AMD,2025-07-31T17:54:00+00:00,135.85,-6.646,-4.839,-1.856,1.961,DOWN
SPIKE-CRWD-1754407860,CRWD,2025-08-05T15:31:00+00:00,45.70,4.200,3.444,2.402,3.145,UP
SPIKE-SMCI-1754579640,SMCI,2025-08-07T15:14:00+00:00,357.87,4.639,3.839,1.627,1.579,UP
SPIKE-CRWD-1753970460,CRWD,2025-07-31T14:01:00+00:00,424.72,6.388,3.963,3.796,2.730,UP
SPIKE-SRFM-1754582160,SRFM,2025-08-07T15:56:00+00:00,220.10,8.599,5.298,1.752,1.855,UP
SPIKE-COIN-1753731480,COIN,2025-07-28T19:38:00+00:00,426.10,6.951,4.842,2.443,2.193,UP
SPIKE-AAPL-1754414580,AAPL,2025-08-05T17:23:00+00:00,438.22,7.366,4.472,3.467,3.140,UP
SPIKE-TSLA-1754587680,TSLA,2025-08-07T17:28:00+00:00,107.84,7.243,4.635,3.950,1.576,UP
SPIKE-TSM-1754668440,TSM,2025-08-08T15:54:00+00:00,41.43,-3.990,-2.401,-3.795,2.612,DOWN
SPIKE-SMCI-1753721100,SMCI,2025-07-28T16:45:00+00:00,104.99,7.621,5.030,1.732,2.494,UP
SPIKE-TSM-1754059440,TSM,2025-08-01T14:44:00+00:00,361.55,4.361,3.284,2.900,2.266,UP
SPIKE-SMCI-1754667300,SMCI,2025-08-08T15:35:00+00:00,309.15,2.249,1.284,1.884,3.154,UP
SPIKE-SMCI-1753984380,SMCI,2025-07-31T17:53:00+00:00,25.03,4.295,2.771,2.756,3.034,UP
SPIKE-MSFT-1754510100,MSFT,2025-08-06T19:55:00+00:00,229.33,5.057,2.786,2.138,2.766,UP
SPIKE-SRFM-1754939940,SRFM,2025-08-11T19:19:00+00:00,26.84,5.901,4.609,2.262,1.684,UP
SPIKE-TSM-1753977480,TSM,2025-07-31T15:58:00+00:00,105.19,-4.739,-3.432,-3.453,2.164,DOWN
SPIKE-SRFM-1753893420,SRFM,2025-07-30T16:37:00+00:00,325.18,8.859,7.081,2.999,2.260,UP
SPIKE-AMD-1754062440,AMD,2025-08-01T15:34:00+00:00,62.32,9.196,5.547,2.496,1.912,UP
SPIKE-CRWD-1754925060,CRWD,2025-08-11T15:11:00+00:00,157.56,5.710,4.164,3.213,2.880,UP
SPIKE-AMD-1755011700,AMD,2025-08-12T15:15:00+00:00,180.87,-5.122,-3.321,-2.606,2.135,DOWN
SPIKE-PLTR-1754065260,PLTR,2025-08-01T16:21:00+00:00,143.99,0.401,0.280,0.465,0.882,UP
SPIKE-TSLA-1754406960,TSLA,2025-08-05T15:16:00+00:00,240.61,-1.063,-0.744,0.141,1.195,DOWN
SPIKE-AMD-1753817040,AMD,2025-07-29T19:24:00+00:00,115.73,-1.000,-0.700,-0.567,1.269,DOWN
SPIKE-COIN-1754499420,COIN,2025-08-06T16:57:00+00:00,324.71,-0.334,-0.234,-0.556,1.081,DOWN
SPIKE-SMCI-1755184020,SMCI,2025-08-14T15:07:00+00:00,360.64,0.832,0.582,-0.235,1.176,UP
SPIKE-BA-1753982340,BA,2025-07-31T17:19:00+00:00,171.87,-0.198,-0.138,-0.146,1.158,DOWN
SPIKE-SRFM-1754060400,SRFM,2025-08-01T15:00:00+00:00,101.16,0.822,0.575,-0.225,0.933,UP
SPIKE-SMCI-1754946600,SMCI,2025-08-11T21:10:00+00:00,77.44,0.742,0.520,0.037,1.284,UP
SPIKE-PLTR-1754419620,PLTR,2025-08-05T18:47:00+00:00,72.78,-0.251,-0.176,0.028,1.111,DOWN
SPIKE-CRWV-1755546866,CRWV,2025-08-18T19:54:26.998794+00:00,96.9650,-5.001,-3.006,-0.884,1.308,DOWN
SPIKE-CRWV-1755614584,CRWV,2025-08-19T14:43:04.457253+00:00,90.7612,-5.835,-6.238,-0.109,0.463,DOWN
SPIKE-CRWV-1755617963,CRWV,2025-08-19T15:39:23.963708+00:00,90.5200,-6.085,-6.488,-0.451,0.253,DOWN
